"Feature_1","Feature_2","True_Label","Probability","Predicted_Label"
3.4533958586103,-0.47122006205169,0,0.0025,0
5.7177189688204,6.62866721854649,0,0.0025,0
9.41245300380458,-2.23608861918931,0,0.0025,0
9.25187633917323,-3.20644057501446,0,0.0025,0
6.46505963245083,5.92926418539819,0,0.0025,0
3.39812112610696,-0.214384022858321,0,0.0025,0
8.21908071414669,-5.78340246362004,0,0.0025,0
1.40399918389625,1.95851426692117,0,0.0025,0
-3.36000336439474,-10.680411248809,0,0.0025,0
5.70561976235206,6.51854512035284,0,0.0025,0
9.27909926061842,-3.43455411280582,0,0.0025,0
-5.50787145295911,-1.89744919946434,0,0.0025,0
-5.77868869829835,-1.4020251471374,0,0.0025,0
-5.33306253725212,-2.03429741660418,0,0.0025,0
3.60679286584373,-9.93224624472783,0,0.0025,0
-2.28179173005902,7.34916332152329,0,0.0025,0
2.70449361600835,-2.98565922773188,0,0.0025,0
1.69634389350144,-10.6820705031837,0,0.0025,0
-0.735584314297503,-10.870681715043,0,0.0025,0
4.95113286663877,-9.21407611964486,0,0.0025,0
7.63418041548703,-6.73755177794013,0,0.0025,0
3.5123255797579,7.57298082849142,0,0.0025,0
2.6119066580427,7.818757683672,0,0.0025,0
-0.575531017263328,-10.9457531859626,0,0.0025,0
9.44981720373019,-2.05785558774457,0,0.0025,0
-3.7297973003937,6.26924436047364,0,0.0025,0
7.41117033028453,-7.16415020903294,0,0.0025,0
9.22453997338017,-3.29920982996915,0,0.0025,0
6.39605635636447,-8.09122864187979,0,0.0025,0
-6.05246863269894,2.66511481542678,0,0.0025,0
3.46375367388899,-0.700351011104047,0,0.0025,0
9.57519351460914,-1.31175750995145,0,0.0025,0
3.4733850189075,-10.0719346765157,0,0.0025,0
-3.5528501978798,-10.6393473197295,0,0.0025,0
6.2659225476768,6.06771705282072,0,0.0025,0
3.68617784882533,7.52638859692498,0,0.0025,0
3.56957677525826,7.57923089550944,0,0.0025,0
1.56014045250665,-4.06275140397023,0,0.0025,0
-6.01703389935924,-0.552578139127111,0,0.0025,0
1.33782566646464,-10.7258753538074,0,0.0025,0
-1.57805013126617,-10.9659919824584,0,0.0025,0
-5.8867297907912,3.38717515839737,0,0.0025,0
4.80238179319592,7.07621808002241,0,0.0025,0
3.35071907302598,-0.917982570763215,0,0.0025,0
-5.77320033364982,-1.18779885329562,0,0.0025,0
9.62215059890859,-1.70519940504324,0,0.0025,0
6.27011187563467,6.32598312004163,0,0.0025,0
3.49764891951813,-9.96541467300822,0,0.0025,0
2.60097934375628,-10.3321436053785,0,0.0025,0
7.08504333966441,5.44179422385395,0,0.0025,0
5.56452752817818,6.65821787791297,0,0.0025,0
9.49105896123961,-0.953773254779105,0,0.0025,0
-3.53741829373799,-3.92937564419646,0,0.0025,0
-1.606510191227,-10.9034682130511,0,0.0025,0
6.08219544802543,6.38561674144517,0,0.0025,0
1.41275083071843,-10.7298826277974,0,0.0025,0
8.74027710312241,2.69542495806624,0,0.0025,0
0.318372372926512,7.89614539239822,0,0.0025,0
-3.22434296116987,-10.7129069907945,0,0.0025,0
0.0496967488798129,-10.9657039147783,0,0.0025,0
6.32896424675446,-8.11021267936062,0,0.0025,0
6.68838261413892,-7.77850099499401,0,0.0025,0
7.21578555117426,5.19474332406884,0,0.0025,0
5.86524867657687,6.43527314261771,0,0.0025,0
0.209570214919395,-10.8889856033797,0,0.0025,0
9.55865266405104,-1.71507304598634,0,0.0025,0
8.64574716658533,3.26591471091404,0,0.0025,0
7.0557783651323,5.50015880377983,0,0.0025,0
-2.30522200013416,-4.56117467315591,0,0.0025,0
-0.169841147524663,-10.9676662512122,0,0.0025,0
-1.84649821375504,-4.61232326804581,0,0.0025,0
7.01945758596258,5.62519301368561,0,0.0025,0
7.43944526500467,4.96966203961682,0,0.0025,0
5.58899557834645,6.68542569860421,0,0.0025,0
-6.24662635178437,2.23969572572063,0,0.0025,0
7.13471332654617,5.32289442913677,0,0.0025,0
-5.55254920889067,-9.89116586138746,0,0.0025,0
8.92823288894647,-4.33750247827808,0,0.0025,0
-0.221565217356489,-4.58317642863172,0,0.0025,0
-1.76908455979081,7.50274844804774,0,0.0025,0
-2.23126797948458,-10.865443441884,0,0.0025,0
-6.33422090257513,1.40302843596795,0,0.0025,0
2.2059279149642,8.02377102847998,0,0.0025,0
3.30026410437643,-10.1834024685789,0,0.0025,0
-6.19485897118114,1.22233888634413,0,0.0025,0
2.13980972606739,-10.5399878704502,0,0.0025,0
-6.15972595915572,0.0274442630168543,0,0.0025,0
-3.72361704829743,-10.6834841958164,0,0.0025,0
9.54208396872682,0.258720114644054,0,0.0025,0
-1.01249775226371,-10.9997589790467,0,0.0025,0
0.889087487338045,-4.45075550002111,0,0.0025,0
8.1276981290965,-6.01171157346648,0,0.0025,0
1.22675178897587,-4.28434070533461,0,0.0025,0
1.00936943599617,1.8765256768678,0,0.0025,0
9.44467247059176,-2.58342882265578,0,0.0025,0
4.00596949526341,7.50384988281507,0,0.0025,0
2.129589302464,8.04314570398324,0,0.0025,0
-5.41838554650466,-2.06772114475027,0,0.0025,0
3.63816227834539,-10.055598974637,0,0.0025,0
8.02041236936429,-6.21463111507715,0,0.0025,0
9.01305603894047,-4.27452228716091,0,0.0025,0
-2.40479441227591,7.17675879979246,0,0.0025,0
4.32156157689278,7.27839634302916,0,0.0025,0
9.47565146114192,-2.58799490653042,0,0.0025,0
3.21902041359439,-1.83460231450775,0,0.0025,0
7.65108743690623,-6.60812114610518,0,0.0025,0
-4.76251908477149,-2.97366665515223,0,0.0025,0
1.40823845751488,-4.17017857031823,0,0.0025,0
-3.65436697278142,6.37258365099415,0,0.0025,0
6.64918418260159,-7.87218715672888,0,0.0025,0
-3.22393032584905,-10.7454874826068,0,0.0025,0
-2.58833467364689,7.03039551188246,0,0.0025,0
-3.43811830743195,6.69308284880929,0,0.0025,0
1.62686060572513,-3.89124760729833,0,0.0025,0
-6.11824962940134,2.69210310883139,0,0.0025,0
9.52794540227167,-1.38263037567219,0,0.0025,0
5.77892460044925,-8.48378325037262,0,0.0025,0
9.31346704310982,0.794231988278933,0,0.0025,0
8.34436433610026,-5.41751099529656,0,0.0025,0
-2.83076497666672,-10.7591341865437,0,0.0025,0
3.25446994428301,0.125722806893547,0,0.0025,0
5.49745274459407,-8.89489392788976,0,0.0025,0
-1.20904377149527,-10.9745511226051,0,0.0025,0
2.72608497854736,7.8545716536421,0,0.0025,0
0.0202813955331418,7.89536646189502,0,0.0025,0
5.08434527203251,-9.10194985342791,0,0.0025,0
0.169704809856633,-10.9632103985963,0,0.0025,0
-4.98318786745928,4.88670442213505,0,0.0025,0
3.05389543065,-2.30983380915836,0,0.0025,0
3.47506558471476,7.70343154683379,0,0.0025,0
9.37917066001471,-3.26601294428952,0,0.0025,0
9.51885754790306,0.217048001061174,0,0.0025,0
7.02563009055552,-7.49994999878284,0,0.0025,0
5.3968091489013,6.82996403276664,0,0.0025,0
0.853093557529222,-10.7757769278683,0,0.0025,0
-0.0311690544260705,-10.9826727478377,0,0.0025,0
4.71823535870866,-9.30239745798561,0,0.0025,0
5.15913020998297,-9.07042252470841,0,0.0025,0
5.60017863310039,6.63248481510884,0,0.0025,0
3.38902882428811,-0.995237953261488,0,0.0025,0
-6.3552016876461,1.31680560292031,0,0.0025,0
0.514669440410007,7.95878892790124,0,0.0025,0
-5.27486339286796,-2.25388506891737,0,0.0025,0
2.69358248458133,-10.3393272709644,0,0.0025,0
1.5321694703378,-4.0695810343022,0,0.0025,0
7.37084266059056,-7.14017557652688,0,0.0025,0
9.48959760889195,-1.33833673303675,0,0.0025,0
-3.37299567925814,-4.12562398853758,0,0.0025,0
0.972101118681432,8.01418366737339,0,0.0025,0
9.54442979511463,0.352184514451341,0,0.0025,0
9.25914815015613,-3.38985492552777,0,0.0025,0
3.41228738274835,-1.50062133791578,0,0.0025,0
-4.46227473249168,-3.27771440158171,0,0.0025,0
6.99651790943507,5.52092640558254,0,0.0025,0
-6.16863054050803,1.00879020225209,0,0.0025,0
8.72466811378576,2.72858216552455,0,0.0025,0
6.50718085596381,5.90566451388995,0,0.0025,0
8.52311419349218,-5.35508866554114,0,0.0025,0
6.10812137740214,-8.34306063433566,0,0.0025,0
0.741077628367163,-10.783496877664,0,0.0025,0
3.22827812846439,0.49464254777752,0,0.0025,0
8.11693319566239,-6.04639611970522,0,0.0025,0
-1.08773552295594,7.65211860374693,0,0.0025,0
6.16140873002586,-8.33317956184202,0,0.0025,0
9.60916616376464,-1.51677629416894,0,0.0025,0
-0.446240496108614,-10.930096054293,0,0.0025,0
4.0682294052452,-9.82378059551937,0,0.0025,0
7.77197212844281,4.47708988282567,0,0.0025,0
7.53751347189409,-6.90385641850594,0,0.0025,0
8.87341046609525,2.38506621811378,0,0.0025,0
0.983127896133353,-4.22707466481254,0,0.0025,0
7.46736589610204,4.83136252345771,0,0.0025,0
3.27229289767501,-0.360984693443679,0,0.0025,0
-3.36529931424751,-4.11323262077506,0,0.0025,0
7.25948830813248,-7.28338595188905,0,0.0025,0
6.57742653645913,-8.0021946062949,0,0.0025,0
6.96841871364793,5.53225667653532,0,0.0025,0
9.21817274662529,-3.75634566963912,0,0.0025,0
-5.89086587947681,3.41028249909092,0,0.0025,0
7.28608597339784,-7.1464602695554,0,0.0025,0
8.96539954358168,-3.90245421060065,0,0.0025,0
1.45059966767411,-10.6041451889527,0,0.0025,0
2.04399241628839,7.98336778297693,0,0.0025,0
8.34684526892126,-5.62198013993371,0,0.0025,0
1.83511074588698,1.67936935568229,0,0.0025,0
7.73143991043073,4.59190218497811,0,0.0025,0
2.61820159958538,-10.3344895341232,0,0.0025,0
-4.67078467683172,-10.1607896832381,0,0.0025,0
1.70478808140259,1.85515220042172,0,0.0025,0
2.81077245807704,7.83542219858071,0,0.0025,0
-2.48503764161581,-4.39551203447331,0,0.0025,0
4.81384486983264,-9.39929974120648,0,0.0025,0
3.32381447327305,-1.23290994830299,0,0.0025,0
3.38359249548778,-0.569071441766195,0,0.0025,0
0.645980207781268,-4.43826647530075,0,0.0025,0
7.3165199027225,5.06173784618099,0,0.0025,0
7.09184783538892,5.35038769935113,0,0.0025,0
5.95293834773017,6.30513237295062,0,0.0025,0
-2.88737478539284,-4.26461415593072,0,0.0025,0
6.1879974618019,-8.21359882382705,0,0.0025,0
5.76061888923747,-8.76040158648674,0,0.0025,0
9.18156517507503,-3.78809602270239,0,0.0025,0
7.87359719667588,4.59310258382684,0,0.0025,0
2.94504200331631,-2.58006470349433,0,0.0025,0
9.05432513368211,2.23824169335351,0,0.0025,0
9.41810390887056,0.465845053123034,0,0.0025,0
4.0343500284665,-9.76981907046856,0,0.0025,0
-3.06986436375462,-10.6982354104984,0,0.0025,0
-5.78078908169179,3.56455564012377,0,0.0025,0
-4.25293545916812,-3.35083217304681,0,0.0025,0
8.46167813905415,-5.4379590775214,0,0.0025,0
0.391060604970726,-4.6053701891629,0,0.0025,0
9.57261797190544,-1.45636480785744,0,0.0025,0
0.508022099985489,-10.9255048922009,0,0.0025,0
1.49600036164706,1.86227449132684,0,0.0025,0
-0.707633596487916,-4.71358023991337,0,0.0025,0
8.92424881601889,2.68552136486107,0,0.0025,0
1.91865745160943,8.01620376014919,0,0.0025,0
-6.17499792285654,-0.222422229535093,0,0.0025,0
-1.10513378947326,-10.8552004739928,0,0.0025,0
7.45733433259106,-6.74055058497522,0,0.0025,0
-6.01455292208804,-0.575836998196109,0,0.0025,0
-4.4613609840527,5.71789599635411,0,0.0025,0
3.83550132569606,-9.83842470674745,0,0.0025,0
2.6052906610853,-10.3978378515394,0,0.0025,0
9.62311387220581,-0.77158327473112,0,0.0025,0
6.3878160127549,-8.11518851966105,0,0.0025,0
9.60367641301751,-1.24727809933261,0,0.0025,0
-3.05873974285222,6.75222227861933,0,0.0025,0
9.57489643678976,-1.521352244533,0,0.0025,0
1.227554692994,8.06483271700611,0,0.0025,0
8.11538275844859,-5.91160690995612,0,0.0025,0
9.35945222418379,-3.1177651415011,0,0.0025,0
9.47553228417878,-1.96168045527714,0,0.0025,0
2.34757259997608,-3.28464879823578,0,0.0025,0
0.433863632659165,-4.5853766226627,0,0.0025,0
-3.11881705344593,-4.22522102002066,0,0.0025,0
-6.27905307008759,0.521258008527935,0,0.0025,0
-4.07613761347377,6.05327893809472,0,0.0025,0
-3.21352242932703,6.61486926110448,0,0.0025,0
-3.96287853449585,-10.4700340295558,0,0.0025,0
-2.88533850802853,-10.6767164176905,0,0.0025,0
8.70147930209635,2.95764765489087,0,0.0025,0
0.500474989107047,-10.9313971787985,0,0.0025,0
9.02222887087079,2.17536579101601,0,0.0025,0
3.04565931086618,7.75559139906665,0,0.0025,0
4.27309833035814,-9.51284333242368,0,0.0025,0
5.6544120755894,-8.6875706216232,0,0.0025,0
0.0684023266008563,-4.53655886639331,0,0.0025,0
-6.19125253324511,1.44741836442259,0,0.0025,0
-5.25343083966698,4.47890694063418,0,0.0025,0
-4.23306570544983,-10.4728427768227,0,0.0025,0
1.0989304948536,8.10172403511182,0,0.0025,0
9.04677714072078,2.31316061005778,0,0.0025,0
-1.85667736697407,-10.9013323286633,0,0.0025,0
9.44170591870634,-1.70977067236076,0,0.0025,0
1.5319984059087,-10.6521853703718,0,0.0025,0
1.63642964561389,7.93474592140868,0,0.0025,0
3.00789412892388,-10.2287475692599,0,0.0025,0
9.50616272856993,-0.68283526477691,0,0.0025,0
-1.06220291251021,7.77310156449748,0,0.0025,0
2.41739103812918,-10.5264825100696,0,0.0025,0
-0.678725051208234,-4.74253696815341,0,0.0025,0
-5.56984224753037,-9.96457634183602,0,0.0025,0
3.33772606791463,0.0388047746279485,0,0.0025,0
-3.64457246236247,-3.88636133379574,0,0.0025,0
0.725920743193125,-10.8602086247201,0,0.0025,0
-2.06890013627857,7.36389407596814,0,0.0025,0
-2.63056475450765,-10.8440837274483,0,0.0025,0
7.92040254028236,-6.23054389306697,0,0.0025,0
-6.29355744015471,1.58986464431608,0,0.0025,0
7.90864309269884,-6.35139202171561,0,0.0025,0
-0.41204817757215,-10.9308947932944,0,0.0025,0
7.98840206124885,4.38153195635631,0,0.0025,0
2.9157169706481,7.82522048098897,0,0.0025,0
-5.846702151823,3.32113973389977,0,0.0025,0
3.27734536771516,-10.1149546440542,0,0.0025,0
-1.46952037562535,-10.9566887937816,0,0.0025,0
3.24946819603422,-10.1713190305195,0,0.0025,0
1.72784962697307,-3.75909856206277,0,0.0025,0
-0.162922539267499,-4.58545323305889,0,0.0025,0
0.871151628826196,7.93635185563235,0,0.0025,0
-4.25168764255514,-10.4470998443019,0,0.0025,0
-5.00743279576106,4.93930821188328,0,0.0025,0
1.19166439468587,1.98354004171693,0,0.0025,0
9.11111875784381,1.90439464507547,0,0.0025,0
-2.40706828754071,-10.7647681737819,0,0.0025,0
-0.34097821959122,-10.8368810302899,0,0.0025,0
2.49069577485433,1.32839750628564,0,0.0025,0
9.50826940596937,-0.271087089970792,0,0.0025,0
2.40953735871904,-3.40419740439758,0,0.0025,0
-1.68334922081036,-10.9570041256713,0,0.0025,0
-5.45398539002648,4.28700150963892,0,0.0025,0
-0.70894969506961,-10.9048482738578,0,0.0025,0
-0.819534656153828,-4.64528401705175,0,0.0025,0
9.33104973281455,-3.20959210537675,0,0.0025,0
-2.08766148274176,-4.50784239430727,0,0.0025,0
8.68873425867951,-4.80655492960694,0,0.0025,0
8.93368427461767,-4.44888793195466,0,0.0025,0
-1.75173541663448,7.50378255805776,0,0.0025,0
1.34806024297596,7.97203606352829,0,0.0025,0
-5.96683010996004,-0.686988132478003,0,0.0025,0
6.57636749522053,-7.93842100805468,0,0.0025,0
-5.36229439451928,4.29717021994844,0,0.0025,0
0.0726314525180809,-4.67128830571577,0,0.0025,0
4.1087012600368,-9.69374966350159,0,0.0025,0
2.19888745133836,7.86828100634394,0,0.0025,0
-3.2371853938806,6.61582079671394,0,0.0025,0
4.36494417703284,-9.57457627938749,0,0.0025,0
6.66966299346068,5.83195164751011,0,0.0025,0
2.5262735422827,-2.9939373860606,0,0.0025,0
0.225922766093453,-10.9600172636178,0,0.0025,0
3.97115273705521,-9.87819113563123,0,0.0025,0
9.5563400651271,-0.661648703238224,0,0.0025,0
-2.11442115673758,-10.9151359550542,0,0.0025,0
-1.84676652527178,-4.51158945052337,0,0.0025,0
3.97088234556829,-9.83821289782054,0,0.0025,0
7.53528037414921,-6.93007781210599,0,0.0025,0
-5.67344629426246,-1.74570897726079,0,0.0025,0
3.29791253887263,-0.0257318825129508,0,0.0025,0
5.88455291541203,6.57081203026478,0,0.0025,0
5.91966239580178,-8.6400615710088,0,0.0025,0
6.23938507900864,-8.19676370385339,0,0.0025,0
2.78291864112658,7.80861046539633,0,0.0025,0
-3.41523021141365,-4.04400102758416,0,0.0025,0
-3.6918832471487,-3.78293203637816,0,0.0025,0
8.94797207803063,2.19361329866566,0,0.0025,0
3.18040119808513,7.79767436568906,0,0.0025,0
2.10470087201702,7.90461507865226,0,0.0025,0
-3.76376291688454,6.2281357758531,0,0.0025,0
8.68396115291272,-4.70101432542716,0,0.0025,0
7.8172460285662,-6.29622078972424,0,0.0025,0
5.1802397684805,6.95513588249396,0,0.0025,0
-1.83825012148617,-4.66516963461735,0,0.0025,0
-0.65911663894747,7.78826134820322,0,0.0025,0
6.04314768681106,-8.50179492657198,0,0.0025,0
2.78975152482802,7.73152844855139,0,0.0025,0
1.49244884363332,7.94743614659457,0,0.0025,0
-3.16807240980918,-4.13107528642273,0,0.0025,0
6.09427349465141,6.14816467439679,0,0.0025,0
9.01506543741426,-4.35176347752689,0,0.0025,0
-1.93975965521374,7.39636705170663,0,0.0025,0
1.75950167945255,8.01441154768403,0,0.0025,0
-6.10221912692213,2.38317435470737,0,0.0025,0
9.32826575965881,1.6797372831123,0,0.0025,0
-1.9996861701189,7.37987439401337,0,0.0025,0
6.88980010086505,5.55919505736466,0,0.0025,0
-3.77049377714912,6.31336057315497,0,0.0025,0
8.78153773414114,2.91514320950251,0,0.0025,0
2.58992547344963,1.18921087615793,0,0.0025,0
-6.10469624879326,2.48871776439171,0,0.0025,0
3.67071283887954,-9.9595180403273,0,0.0025,0
2.67118811278544,7.93022126053979,0,0.0025,0
-6.15632042473832,2.24753690832743,0,0.0025,0
2.78205262946534,1.08287632107457,0,0.0025,0
-3.78244332162419,-10.6252518376612,0,0.0025,0
1.50639425073146,7.96549041694311,0,0.0025,0
-0.766902875870013,-10.9054659393427,0,0.0025,0
-3.40724194718601,-10.5523380814238,0,0.0025,0
8.54292312924282,-5.08600939710735,0,0.0025,0
-6.04295161085966,2.85366502977757,0,0.0025,0
6.65113930281998,-7.92540643706684,0,0.0025,0
-0.755529456969003,-11.0341690624861,0,0.0025,0
2.52136275838852,-3.14276416608552,0,0.0025,0
4.29856943089495,7.33130597027464,0,0.0025,0
-4.16879515195141,-3.36917062567532,0,0.0025,0
2.84864271598068,0.991310245005294,0,0.0025,0
-2.73981482111575,-4.39792691173551,0,0.0025,0
-5.87449916167243,3.25333628445402,0,0.0025,0
2.15298798597321,7.87668672121362,0,0.0025,0
9.03938062079349,-4.35544857185176,0,0.0025,0
6.02791389534984,-8.41479607027422,0,0.0025,0
-5.00695411742827,-10.1625228548285,0,0.0025,0
1.98017227033207,-3.61981225336538,0,0.0025,0
8.46254078485013,3.32792255290593,0,0.0025,0
-2.45590410780158,-4.47390244538887,0,0.0025,0
0.572397254369899,-10.8938548613991,0,0.0025,0
8.86702488060873,2.85356329386421,0,0.0025,0
8.31971517160227,3.92277873894106,0,0.0025,0
-6.28197879093219,1.98997612852021,0,0.0025,0
-4.31997281791595,5.80242279034995,0,0.0025,0
3.92002096313117,-9.71548381816785,0,0.0025,0
-6.14873927150523,0.196773018234122,0,0.0025,0
9.5586444433811,0.517894155750699,0,0.0025,0
9.40218956582238,-3.03163411958722,0,0.0025,0
-5.39494547559617,4.19618534064197,0,0.0025,0
0.835502335963135,-4.37880004109575,0,0.0025,0
4.92993604960444,6.96766308167416,0,0.0025,0
-2.19879657664868,7.20826985917964,0,0.0025,0
1.33417159615816,-10.684616966186,0,0.0025,0
-4.91594580965965,-10.2039567914431,0,0.0025,0
-1.52092071765704,-4.57047199188596,0,0.0025,0
-0.763389489865453,-10.960827687829,0,0.0025,0
-3.89377743131486,6.23083319354158,0,0.0025,0
-3.00379128364972,6.93443077237217,0,0.0025,0
-5.31445578739013,-2.06882684791762,0,0.0025,0
5.50823366046393,6.68188711826765,0,0.0025,0
1.25462152928863,8.05419218049575,0,0.0025,0
-2.08398005098939,-10.9434718144852,0,0.0025,0
-6.22584254004372,2.41196035650935,0,0.0025,0
0.994339440954638,-10.7260911351301,0,0.0025,0
7.62043569131351,-6.7388147568926,0,0.0025,0
-6.22927833902341,0.683353046320909,0,0.0025,0
9.04055613987244,-4.31830925699135,0,0.0025,0
-0.681131552754916,-10.8750569219555,0,0.0025,0
1.55760643663595,-10.5846556096557,0,0.0025,0
6.06660550927751,-8.36538721347634,0,0.0025,0
0.482691309130973,7.94601126769062,0,0.0025,0
1.98178420622751,-10.6170290019616,0,0.0025,0
-5.5240253691176,-1.84674630444207,0,0.0025,0
-6.1532486066492,1.45474202146538,0,0.0025,0
1.17325512177807,-10.8032745894779,0,0.0025,0
-2.77494806217926,7.05332552659485,0,0.0025,0
-4.84456837667158,-2.80992620655225,0,0.0025,0
-3.2911429628847,6.66092917369246,0,0.0025,0
-4.35066729145618,-3.42808592193474,0,0.0025,0
8.62290227333414,3.31411057034492,0,0.0025,0
3.36430075701819,-1.09481564382104,0,0.0025,0
3.41905486506277,-10.0714087781651,0,0.0025,0
2.81606706180597,-2.94287420743332,0,0.0025,0
8.10350565893312,4.12994348463028,0,0.0025,0
-1.73376096681016,-10.9279992440873,0,0.0025,0
0.359042936642708,8.02089587841566,0,0.0025,0
-5.13980779944266,4.63260406492415,0,0.0025,0
-2.6061122513254,-10.7461575886891,0,0.0025,0
9.36473406933864,-3.10436194358008,0,0.0025,0
-5.23394457672603,4.47661834220999,0,0.0025,0
6.25108340997671,6.12161743088936,0,0.0025,0
6.44638521919041,-7.98847933396994,0,0.0025,0
-0.866986110327192,-11.0210710834781,0,0.0025,0
-3.85458411353572,6.25765098504587,0,0.0025,0
1.65326027416256,8.03975636791675,0,0.0025,0
-5.70742302768372,-1.47677398373522,0,0.0025,0
0.320963220668801,-4.58974880451134,0,0.0025,0
-4.78123244211817,5.10152146932052,0,0.0025,0
9.52533045265931,-1.40306010058863,0,0.0025,0
-4.46919823645712,5.57217351421978,0,0.0025,0
2.02364760476394,-3.57816421170736,0,0.0025,0
5.3325017300129,-9.00292159195703,0,0.0025,0
1.23606255662084,7.91687700980179,0,0.0025,0
9.64870820908482,-1.23055119308515,0,0.0025,0
-2.62306306204259,-10.7661822244735,0,0.0025,0
-1.24544272057039,7.63770582319199,0,0.0025,0
9.19263242013793,1.8404443304426,0,0.0025,0
4.14919455544788,-9.74714136406813,0,0.0025,0
-6.09139186099226,2.88430561926351,0,0.0025,0
7.61958140359441,-6.64437080128804,0,0.0025,0
3.4360132847381,-0.369669791431452,0,0.0025,0
3.25467135871406,-10.0409058175637,0,0.0025,0
9.19283060992569,1.77971580148924,0,0.0025,0
2.68001887638216,7.79076907558079,0,0.0025,0
-0.376519697221115,-4.68841662406814,0,0.0025,0
8.5251404175286,3.15439275620237,0,0.0025,0
2.44810960687244,-10.3280587749752,0,0.0025,0
-3.91272313092142,-10.592748982281,0,0.0025,0
0.836401068476489,-10.7386436691367,0,0.0025,0
6.1719331699477,-8.29437722087492,0,0.0025,0
-6.27595080374226,1.49067990026757,0,0.0025,0
-0.395284392712072,-10.9721282114613,0,0.0025,0
-6.01489540210409,2.64591728282725,0,0.0025,0
7.14284220770815,-7.27606765781758,0,0.0025,0
9.57492568682298,-1.7828818547592,0,0.0025,0
-1.67243978510145,-4.63691352679017,0,0.0025,0
-0.63999324926608,-10.9912965966255,0,0.0025,0
0.458335434378003,-10.7797662306558,0,0.0025,0
-6.31301068788246,1.74571787552477,0,0.0025,0
9.20054719688227,1.75490204642646,0,0.0025,0
9.48972697008397,-2.43675405900799,0,0.0025,0
9.24284209607686,1.16444302490664,0,0.0025,0
-1.42445219811236,7.57132810717973,0,0.0025,0
-1.14954453163129,-4.74622854856082,0,0.0025,0
-0.852954616635172,-4.6576879189035,0,0.0025,0
8.79585655243612,-4.4327800428847,0,0.0025,0
-5.79191961859129,-1.13280867038224,0,0.0025,0
0.967887781882354,-10.7499340992212,0,0.0025,0
8.80825555466278,2.61030878755557,0,0.0025,0
5.7146588509273,-8.7094140881264,0,0.0025,0
-2.63909418937934,-4.38007833724497,0,0.0025,0
1.75151214591467,-10.5732753948315,0,0.0025,0
8.13589176022871,3.95788960860589,0,0.0025,0
1.00474321725041,-10.7093700101671,0,0.0025,0
-5.31757608683073,4.62802381297034,0,0.0025,0
-3.31062489222093,6.72323605397986,0,0.0025,0
8.81806466309108,-4.77536099305792,0,0.0025,0
-1.532169255398,-10.8398160139409,0,0.0025,0
-6.18968588119174,1.2532425544505,0,0.0025,0
-5.69701376400357,-1.46198096064061,0,0.0025,0
-4.24004240402962,-3.4202541055443,0,0.0025,0
-4.30160042696602,-3.42042216145698,0,0.0025,0
-4.2955400361869,-3.52345308717707,0,0.0025,0
0.942372902315339,8.01629364359993,0,0.0025,0
-4.83732272131005,5.18731733387911,0,0.0025,0
-6.24320968459273,0.811906195358844,0,0.0025,0
-0.631861042719834,-10.9830041183571,0,0.0025,0
-6.21707863130802,0.375229846070172,0,0.0025,0
-0.697105117537636,-10.9026162268172,0,0.0025,0
-2.93904206113196,-4.19177200331676,0,0.0025,0
-5.00143513380999,-2.65963786757287,0,0.0025,0
-5.96093188790001,-0.749042434080495,0,0.0025,0
-5.33776059558583,4.41003181789024,0,0.0025,0
-5.81943402146499,-1.06610149129371,0,0.0025,0
-1.60221683903784,7.51568600491036,0,0.0025,0
8.59189647722526,-5.0298893228732,0,0.0025,0
4.77445498761569,-9.38138661058101,0,0.0025,0
9.11757667183271,2.17028405403448,0,0.0025,0
9.59224029686751,-0.193537846022673,0,0.0025,0
3.04544923399559,7.77834252220812,0,0.0025,0
7.6635986979733,4.68389885201573,0,0.0025,0
-6.14676300206667,1.93473073471889,0,0.0025,0
-2.23934702250859,-10.94501549721,0,0.0025,0
3.26410752759427,-2.04759683003935,0,0.0025,0
2.24584473260396,-10.575101976259,0,0.0025,0
3.57362369692371,-10.1086468098389,0,0.0025,0
-3.97885702576563,6.11977259331343,0,0.0025,0
5.36258728331665,-8.97532420839494,0,0.0025,0
-4.4095596127073,-10.3264322513859,0,0.0025,0
-2.90432290580284,6.9467878265845,0,0.0025,0
-6.2284216649159,0.431575450033992,0,0.0025,0
9.31135808754151,1.76162723046665,0,0.0025,0
8.26321650717289,4.06339485238476,0,0.0025,0
2.55528575752364,-2.99985415049706,0,0.0025,0
-1.08559347187343,-10.9686650736821,0,0.0025,0
5.43603698985416,-8.90209205360959,0,0.0025,0
9.44854939892794,-1.9021128372852,0,0.0025,0
8.94816852529982,-4.31611171666698,0,0.0025,0
-2.40201772380275,-4.42284487585355,0,0.0025,0
-2.29279987060451,-4.51402898034611,0,0.0025,0
9.09513341436579,-3.91582411919242,0,0.0025,0
2.41122489348944,-3.36251919670477,0,0.0025,0
7.0575170578498,5.29930727552248,0,0.0025,0
-4.8304411525311,5.21000561676799,0,0.0025,0
5.38282284273412,6.85971518812495,0,0.0025,0
-3.34983519125843,-10.6684182913145,0,0.0025,0
3.8117731141256,7.48969385438923,0,0.0025,0
7.13520245106889,-7.47907279739769,0,0.0025,0
3.71328742175814,-9.91667325523373,0,0.0025,0
9.56110898600438,0.11606070830323,0,0.0025,0
2.87789191441107,-2.85002670421603,0,0.0025,0
-5.60804279889527,3.93974523136969,0,0.0025,0
-5.45014164568069,-10.0261074962019,0,0.0025,0
9.56760203796688,-1.78834299382983,0,0.0025,0
0.259931362233498,7.90722327932701,0,0.0025,0
-5.0755805247968,-10.1283303102994,0,0.0025,0
-4.9667288320669,-10.1230182218714,0,0.0025,0
-2.30180229680188,-4.59585441274908,0,0.0025,0
-0.383331263032708,-11.0144251669406,0,0.0025,0
1.94872741687359,8.07057602274869,0,0.0025,0
9.06445928415135,-3.94637588224449,0,0.0025,0
5.38139131573841,6.75700308531112,0,0.0025,0
2.9654382002183,-10.2375677333286,0,0.0025,0
-6.27401326869673,0.241521174611276,0,0.0025,0
6.9407368842718,5.48985022821753,0,0.0025,0
7.55554276838783,-7.02284081613354,0,0.0025,0
5.42113733081106,-8.8808643137248,0,0.0025,0
-3.37427269760365,-4.01445268304146,0,0.0025,0
5.87076983655825,-8.47289880337405,0,0.0025,0
-1.05646902562885,-10.9032617673742,0,0.0025,0
-3.11413495142358,6.82551945606629,0,0.0025,0
4.78873404311494,7.12167670747209,0,0.0025,0
4.45759186682772,-9.59565533117392,0,0.0025,0
-2.87936034338923,-4.24713122207473,0,0.0025,0
1.86204037916441,-3.90494147003887,0,0.0025,0
-0.4651426271047,7.77642219660347,0,0.0025,0
-6.19438100311525,0.870486742287772,0,0.0025,0
3.47085239180622,7.57525674101462,0,0.0025,0
8.03868393373836,-5.95911697997404,0,0.0025,0
-3.28825348045031,-10.771281863847,0,0.0025,0
-5.85622462536369,3.45326240554504,0,0.0025,0
6.39221004255448,-8.10307147758291,0,0.0025,0
1.17497877812668,-10.7963016183101,0,0.0025,0
9.1271639078242,1.69160514508834,0,0.0025,0
9.10482300459604,-3.99331448477509,0,0.0025,0
-2.89856366586449,-10.6587300238705,0,0.0025,0
-5.28101670954901,-2.17618919392846,0,0.0025,0
7.38513925580546,-7.04208626930708,0,0.0025,0
9.00119253221,1.96874805114975,0,0.0025,0
-5.31889236414401,4.33450181801346,0,0.0025,0
-2.86868699077793,-4.37752396409586,0,0.0025,0
0.365172279368564,-4.50848060827962,0,0.0025,0
-6.31253268952533,1.03323449114402,0,0.0025,0
1.52960501592444,-10.696366350981,0,0.0025,0
8.32491007563823,-5.50799339624101,0,0.0025,0
0.0614295461006406,7.88519970056674,0,0.0025,0
6.95622271023593,5.59053434546434,0,0.0025,0
-2.28418659272481,7.31368166871566,0,0.0025,0
-6.33658749013968,0.604257272453622,0,0.0025,0
9.62286216740763,-0.365751114895084,0,0.0025,0
-2.52622317762969,7.13837135923895,0,0.0025,0
0.268608853295314,-10.9515950294315,0,0.0025,0
9.07378418591263,2.31246197824272,0,0.0025,0
4.74768526011616,7.12757633197567,0,0.0025,0
-2.41755208729934,7.23616886004104,0,0.0025,0
6.3079993952668,-8.20321627699755,0,0.0025,0
8.58102172889436,3.32595469830276,0,0.0025,0
9.2307379679585,-3.72667553616945,0,0.0025,0
0.269229856043547,-10.8264854848762,0,0.0025,0
-0.466892787287524,-4.73270288129286,0,0.0025,0
-3.43618711546829,6.56955422532289,0,0.0025,0
9.40940997548071,0.999621412350428,0,0.0025,0
4.36454911835172,7.22162296123244,0,0.0025,0
5.29074507000674,6.87229572825105,0,0.0025,0
1.60837732619875,-3.89312247683458,0,0.0025,0
8.51651593102856,-5.18965022863276,0,0.0025,0
6.85913856068807,5.65222487606487,0,0.0025,0
-4.2691924518083,-3.42165334883133,0,0.0025,0
-6.16621104968859,1.94862184737062,0,0.0025,0
8.06807346262805,-6.12555190579504,0,0.0025,0
5.18304218190804,-8.97988962313725,0,0.0025,0
7.98987876353004,-6.21044438349202,0,0.0025,0
-1.60187655821673,-10.8288184058871,0,0.0025,0
-3.09984113119528,-4.11042182898063,0,0.0025,0
9.0371161958067,-4.39034272347717,0,0.0025,0
9.5817337973537,-2.09655517053335,0,0.0025,0
-2.15594297825213,-10.9033474500538,0,0.0025,0
-5.16400464330265,-2.28071045251072,0,0.0025,0
3.845575247102,-9.83165067602832,0,0.0025,0
-0.752493057558605,7.88554354479163,0,0.0025,0
-0.39878262266459,-11.0319173350258,0,0.0025,0
8.38189756413089,-5.51933334349147,0,0.0025,0
1.31311388302055,-4.12775192347807,0,0.0025,0
-5.89265218532065,-1.07348458832987,0,0.0025,0
4.80026020127612,-9.329704413871,0,0.0025,0
6.38449426417456,5.93082085490254,0,0.0025,0
8.08707680686624,4.27003117476234,0,0.0025,0
3.25430798936118,-10.0812392288269,0,0.0025,0
8.57186569235241,3.30754574799437,0,0.0025,0
3.36254617152597,-10.0626416987847,0,0.0025,0
3.51456031468607,7.60464689092557,0,0.0025,0
4.3910155161456,-9.66068788485567,0,0.0025,0
1.94537408689709,1.73147710983812,0,0.0025,0
-5.9318005417601,2.94016802510076,0,0.0025,0
7.19128184856816,-7.19039414604679,0,0.0025,0
-4.90538774041661,-2.73427658524453,0,0.0025,0
9.33706971837723,0.976832759128929,0,0.0025,0
7.34292668531593,-7.06619264133118,0,0.0025,0
1.09492628153784,1.81972044938272,0,0.0025,0
-5.28584449540679,-9.95515722808895,0,0.0025,0
-5.75179781647069,-1.21850602691577,0,0.0025,0
-3.30294909061273,-10.7419764697154,0,0.0025,0
-1.48857535365667,7.62141227737081,0,0.0025,0
5.98228230784499,6.54335456782398,0,0.0025,0
9.59789196621047,-0.761270453029834,0,0.0025,0
-6.28021817459096,1.80189907633854,0,0.0025,0
7.89595277397025,-6.36313162728967,0,0.0025,0
-3.9390631356079,-3.68351580355715,0,0.0025,0
7.96871978342828,-6.28341347383797,0,0.0025,0
8.58415242356535,3.30620947329657,0,0.0025,0
-5.7555231122609,-1.11353424247602,0,0.0025,0
2.67618267824713,-10.2916914496993,0,0.0025,0
4.49949003424434,7.30432326007819,0,0.0025,0
-2.90405991681798,-4.32851435176046,0,0.0025,0
-4.451913806122,-10.3505532803147,0,0.0025,0
-5.15328842672218,4.72842918013366,0,0.0025,0
-1.63077364810046,-10.9143831316268,0,0.0025,0
4.94900324250699,-9.27470785817579,0,0.0025,0
-6.31235639648057,0.979946323194312,0,0.0025,0
-5.8608769572815,3.2783947512001,0,0.0025,0
9.59280325634313,0.255690373771965,0,0.0025,0
9.07698628343687,1.84614757456027,0,0.0025,0
0.822440246767147,8.0452322649622,0,0.0025,0
-1.49833094150686,7.63740175373631,0,0.0025,0
-1.95277955050661,7.50155690681772,0,0.0025,0
1.90446869885134,7.9731201203036,0,0.0025,0
4.76562436093049,-9.40137736152776,0,0.0025,0
-5.93626675240609,3.16443592574849,0,0.0025,0
-0.940647648427033,-10.8429068295317,0,0.0025,0
-2.66410057392482,7.07968069589871,0,0.0025,0
4.73435659230856,-9.46120100252794,0,0.0025,0
-4.93502184984641,-10.2700105392106,0,0.0025,0
3.18510398950958,-1.78183589623528,0,0.0025,0
0.723930319787639,7.97757273963614,0,0.0025,0
-6.07236717279277,2.69234592820147,0,0.0025,0
-6.32336802065339,0.675128250843772,0,0.0025,0
-4.40740540448939,5.66691163142034,0,0.0025,0
-2.07993209963611,7.40358062190901,0,0.0025,0
-6.32769503932096,0.600458307400471,0,0.0025,0
3.20757136864087,-0.00087386175228911,0,0.0025,0
2.94247553240533,7.87173826591446,0,0.0025,0
2.86214095959063,-2.49664090048152,0,0.0025,0
9.41274397119173,-2.63810536535208,0,0.0025,0
3.68986197654853,-9.94066893382924,0,0.0025,0
-0.159961020970481,7.83192750341136,0,0.0025,0
-6.11604980242805,2.67313807674602,0,0.0025,0
-5.22305196739485,4.59874884512393,0,0.0025,0
9.46081135781,-1.68480286328603,0,0.0025,0
-1.34578375340291,-10.9806605208898,0,0.0025,0
9.43538987207975,0.752194547619315,0,0.0025,0
7.49717552528139,5.07290861723067,0,0.0025,0
1.62995523755274,-10.7304769335518,0,0.0025,0
3.3524601110162,-0.194434144936746,0,0.0025,0
5.65463773638083,-8.61013379619937,0,0.0025,0
-1.61745589272976,7.61450994398999,0,0.0025,0
-2.19962641554235,-4.57978832484884,0,0.0025,0
7.47245533211138,-6.85947355297089,0,0.0025,0
-1.17998152943639,7.65715419847356,0,0.0025,0
2.97562186434851,0.769648264202603,0,0.0025,0
-1.38047849417326,-10.9071268227644,0,0.0025,0
-3.50633860413846,-10.6071148090774,0,0.0025,0
-3.35424176045261,6.62654705605648,0,0.0025,0
8.08741788159756,-5.95769915793797,0,0.0025,0
3.42181405489726,-9.96203222349096,0,0.0025,0
1.51752648754225,8.07853178576837,0,0.0025,0
0.647431398774532,-10.9009465424761,0,0.0025,0
-2.35815103251911,-4.50786009983122,0,0.0025,0
3.2428107123869,-1.88128324196487,0,0.0025,0
-3.90054329194573,-10.5782292933737,0,0.0025,0
3.41031123541753,-10.0972736046218,0,0.0025,0
1.28993155096794,-10.6682363247919,0,0.0025,0
1.52959608527608,1.7348105315403,0,0.0025,0
-5.20642600777217,-10.0437270121601,0,0.0025,0
9.32535692712224,1.64825610248331,0,0.0025,0
9.51466810994821,-2.01185753663615,0,0.0025,0
-6.20328826961771,-0.0731646004830736,0,0.0025,0
-4.36556846021357,-10.3909260982243,0,0.0025,0
7.57864098771612,4.84710799868965,0,0.0025,0
-2.27807759558073,7.25476836331228,0,0.0025,0
5.53541012415221,6.65397230792327,0,0.0025,0
9.52069150097681,-2.05184793348433,0,0.0025,0
8.90448793191271,2.44433744089386,0,0.0025,0
9.12641373507143,1.91646586925194,0,0.0025,0
-5.52768048437731,4.28457222055567,0,0.0025,0
9.62996139651869,-0.334148421346286,0,0.0025,0
7.88122060476946,4.30879854144434,0,0.0025,0
6.71870008926425,-7.69092130462118,0,0.0025,0
-4.95418997819033,5.07860906158597,0,0.0025,0
-4.16398522778462,-10.5268458256881,0,0.0025,0
9.46567678723635,-2.76707096821077,0,0.0025,0
1.17949331608235,8.01438086039084,0,0.0025,0
-3.85664331343527,-10.5542382416763,0,0.0025,0
-4.6413964531814,5.51386346123615,0,0.0025,0
8.83937059182836,-4.41886010319223,0,0.0025,0
8.13040625853823,-6.17518223952524,0,0.0025,0
1.47085976336234,7.98705267594939,0,0.0025,0
7.80445497581272,4.48921201046771,0,0.0025,0
-2.01820525470101,7.41735971419383,0,0.0025,0
2.50814988621728,7.97695302771026,0,0.0025,0
-5.42229100758076,-2.04668933457548,0,0.0025,0
1.94590206178619,7.92372001000606,0,0.0025,0
8.96886183474905,-4.07939244048733,0,0.0025,0
3.61258246494073,-9.94519310610242,0,0.0025,0
-3.53782274368857,6.41028651296959,0,0.0025,0
-4.16920243176214,6.02888883603252,0,0.0025,0
1.57720665537372,1.90354350717794,0,0.0025,0
8.31686905966689,-5.77267307253331,0,0.0025,0
-0.782141378252722,-4.76526848756651,0,0.0025,0
3.58068729735382,7.56904839484001,0,0.0025,0
-5.72744526166318,-1.27648723468682,0,0.0025,0
-5.68424785688984,-1.63850259636405,0,0.0025,0
-4.80931220694798,5.22468471477149,0,0.0025,0
7.93465994351485,4.31021169531533,0,0.0025,0
3.37750841631258,7.62868726001008,0,0.0025,0
4.19233080803117,7.42347176216412,0,0.0025,0
6.45130111604099,6.01389124392952,0,0.0025,0
-4.88650601790602,5.22446110975198,0,0.0025,0
9.21379474083874,-3.11209307517663,0,0.0025,0
2.25189912015132,-10.4771499096367,0,0.0025,0
2.4918817689285,-10.3508192182037,0,0.0025,0
8.36942019055198,3.76811561922564,0,0.0025,0
-5.79868094093768,-1.0314795230576,0,0.0025,0
-0.147428809050672,-10.9065509915354,0,0.0025,0
-5.94572986458435,2.86021949413808,0,0.0025,0
2.95299684300822,7.7843325758505,0,0.0025,0
7.57523343067726,-6.63496325556319,0,0.0025,0
-3.84416428886367,6.23575359281652,0,0.0025,0
2.37039227879468,1.42090868468071,0,0.0025,0
0.930230999121742,-10.7001829137969,0,0.0025,0
6.91059377769634,5.53695911953654,0,0.0025,0
5.86457342599968,6.55425029165887,0,0.0025,0
6.28510405919809,6.27337816789741,0,0.0025,0
9.03438207612193,-4.23851673453686,0,0.0025,0
-0.961698730063679,-10.9640591336892,0,0.0025,0
-0.884801088551045,-4.72404621899863,0,0.0025,0
-2.62027504784464,-4.49636420777449,0,0.0025,0
9.16555882666542,1.85982528539081,0,0.0025,0
1.78894202024431,-3.96959844612331,0,0.0025,0
-5.77222689305016,-1.07486143104384,0,0.0025,0
4.58272458815257,7.18972782452127,0,0.0025,0
-4.41474476643128,-3.26558583910674,0,0.0025,0
1.83468481208652,8.01166603356997,0,0.0025,0
-2.63854952492747,-10.8969815519991,0,0.0025,0
8.78194257830371,2.6038257445694,0,0.0025,0
2.24846987181872,1.563864556256,0,0.0025,0
9.16739287126296,-3.61393083588518,0,0.0025,0
-3.86516291856097,-10.6136113607811,0,0.0025,0
3.66936983052814,7.62784604784061,0,0.0025,0
-3.75778947987432,6.33777197458746,0,0.0025,0
-5.05490863714896,-2.52217371818024,0,0.0025,0
9.0506912542282,2.48133350926613,0,0.0025,0
-3.18145591024971,-10.7632018440798,0,0.0025,0
-3.27148719328518,6.67225346061992,0,0.0025,0
-0.582278605829909,-10.8551584807105,0,0.0025,0
5.78759385242007,-8.70781255119203,0,0.0025,0
-0.0415310514132115,-4.58408218460672,0,0.0025,0
-1.26315987573644,7.7371659186101,0,0.0025,0
2.53623629218826,1.22446420403387,0,0.0025,0
-6.28372896555995,0.913152701153668,0,0.0025,0
-4.42442300319646,-10.3686217950577,0,0.0025,0
-4.5441412289959,5.67163122304478,0,0.0025,0
9.6118365524013,-0.758051869791942,0,0.0025,0
-5.84071959444975,3.4510340061524,0,0.0025,0
-1.01167785783499,-4.72255428463721,0,0.0025,0
7.64909651230068,-6.5501123100046,0,0.0025,0
3.26512180657361,7.71072401939962,0,0.0025,0
-3.0448728744014,-10.74529901307,0,0.0025,0
8.00909787969134,-5.98612764700286,0,0.0025,0
-2.89150278967965,-4.32218774448973,0,0.0025,0
8.75095076055972,2.83016792722628,0,0.0025,0
-0.29634907178662,7.9595031093197,0,0.0025,0
6.12303050356923,6.35405283736036,0,0.0025,0
8.84613774645793,-4.71903867711803,0,0.0025,0
-5.80035841169304,3.73023814596693,0,0.0025,0
1.40250447831469,8.04692265282587,0,0.0025,0
6.24731346177431,-8.20322390063104,0,0.0025,0
-5.14300449093279,-2.45632193917294,0,0.0025,0
9.20468004398219,1.74578314050806,0,0.0025,0
0.206823050867545,-4.61172817852348,0,0.0025,0
-5.96226094859729,-1.06983517896526,0,0.0025,0
3.21609462185171,0.133564346449198,0,0.0025,0
9.50325041806444,-2.44306938031384,0,0.0025,0
5.00794986716449,7.04651375417729,0,0.0025,0
9.21433295359921,1.56634912089279,0,0.0025,0
-6.12668206283647,2.75092166940934,0,0.0025,0
2.16004859636395,8.00098030189664,0,0.0025,0
5.80349865509756,6.53802274135002,0,0.0025,0
9.05472244066757,1.95602740252627,0,0.0025,0
9.45846963272595,-2.38199085863897,0,0.0025,0
-1.56012022999391,-10.9671916546955,0,0.0025,0
-5.70950824271567,-1.45324266966079,0,0.0025,0
8.16754994054594,4.03284715400058,0,0.0025,0
-5.77791225660068,-1.21872425531192,0,0.0025,0
-5.3404107487005,-2.09052139455689,0,0.0025,0
6.69090351011682,-7.74317230190557,0,0.0025,0
7.74972532370723,-6.51124095294329,0,0.0025,0
8.23989002776839,3.8870395546753,0,0.0025,0
9.59061594044666,0.337388852727322,0,0.0025,0
8.94482494036043,-4.36900391590914,0,0.0025,0
8.5861338022346,3.21823896890992,0,0.0025,0
3.29182892068111,7.69465603008314,0,0.0025,0
-5.43310809822192,-1.92113796100084,0,0.0025,0
-1.47659643348435,7.65417953118927,0,0.0025,0
-6.19059145869854,0.275651400744971,0,0.0025,0
9.47462214508229,-2.2660140852965,0,0.0025,0
9.60826867475013,-1.52866006023086,0,0.0025,0
3.39627511332053,-0.862389228897106,0,0.0025,0
9.3107587379058,-2.83101597021719,0,0.0025,0
-0.965267299555188,7.63180589636111,0,0.0025,0
-0.682650167644073,-11.0027848980952,0,0.0025,0
3.56523026068485,7.70193282422545,0,0.0025,0
-2.73173393238767,-10.7532835938306,0,0.0025,0
-3.89715367328244,-10.5750749190152,0,0.0025,0
0.055498133706547,-10.8725684900637,0,0.0025,0
-3.20050105538006,6.65118172501712,0,0.0025,0
7.1957009685667,5.36325745050553,0,0.0025,0
4.36750260311621,-9.55733837241791,0,0.0025,0
-0.911139860699496,7.7986732899795,0,0.0025,0
6.6082442685453,5.85521871937979,0,0.0025,0
9.33267898090796,-3.28086555687951,0,0.0025,0
3.0723551225842,-2.05753140452579,0,0.0025,0
-6.17947176129603,2.45663758737826,0,0.0025,0
5.64036316687351,6.67434613006265,0,0.0025,0
-4.79098463547129,-2.83797810984319,0,0.0025,0
3.51568336800159,-10.0196365905679,0,0.0025,0
5.66082150626996,-8.75831377580347,0,0.0025,0
-4.54590880204693,5.557694420521,0,0.0025,0
2.97128607232202,-10.2826799911975,0,0.0025,0
-2.47369399070675,-4.38670340276137,0,0.0025,0
-4.53596838830236,-10.3863002562711,0,0.0025,0
-6.15420722077988,0.137771694045475,0,0.0025,0
4.17387548725853,7.35471510806175,0,0.0025,0
8.89567850889854,-4.62940431973675,0,0.0025,0
-6.18261370852433,2.09920586754388,0,0.0025,0
-2.50248806395603,7.0329890081047,0,0.0025,0
-6.02246897473166,2.78780098007529,0,0.0025,0
8.84881085700178,-4.4913862507973,0,0.0025,0
-4.84910816631103,-2.73736633509494,0,0.0025,0
5.13099002685821,-9.12811337989971,0,0.0025,0
6.86923398214586,-7.49806755539313,0,0.0025,0
6.16154859616866,6.1031915772017,0,0.0025,0
-3.15573648779715,-10.7634643060597,0,0.0025,0
9.21705763991795,-3.63902048732005,0,0.0025,0
-1.75358686413589,-4.68988380445327,0,0.0025,0
2.39235107731913,-10.3850078431693,0,0.0025,0
7.27036176686424,-7.31277041746855,0,0.0025,0
3.81637756730195,7.45461749581371,0,0.0025,0
-4.80705274496726,-2.86228909691321,0,0.0025,0
-3.6051222693039,-3.94017941733594,0,0.0025,0
8.86539449126636,2.75776304434018,0,0.0025,0
9.14895745698417,-3.83704840231837,0,0.0025,0
3.44549684113142,-0.547680295520398,0,0.0025,0
-3.24896594419033,-10.6599793062881,0,0.0025,0
9.55761442220689,-0.190059463152838,0,0.0025,0
-3.82381056192322,6.32927382837051,0,0.0025,0
2.29808500493492,7.93173605867641,0,0.0025,0
7.07756131074536,-7.41940835100568,0,0.0025,0
2.57361877332659,1.23932821063022,0,0.0025,0
1.78697469578935,-10.7064443949969,0,0.0025,0
8.11475439973504,4.13959041748541,0,0.0025,0
-6.21058197537744,1.02485979605649,0,0.0025,0
9.66117944638281,-1.0278640817352,0,0.0025,0
-3.66014643799246,-10.676615732449,0,0.0025,0
-0.850777462893924,-4.70108945913245,0,0.0025,0
-4.81451388290109,5.06924634277484,0,0.0025,0
0.679844488626215,-4.48457836757684,0,0.0025,0
-1.05349570323974,-11.0281692367288,0,0.0025,0
2.229193035641,7.90635158700674,0,0.0025,0
8.96618448034928,2.60826074940519,0,0.0025,0
-5.79382094248297,-1.4863452588892,0,0.0025,0
0.347163344387645,-4.45554522583853,0,0.0025,0
-6.20380571594623,-0.20106011588918,0,0.0025,0
1.62004632667192,-10.6255770434778,0,0.0025,0
1.51992071412924,-10.5821493633068,0,0.0025,0
-0.147910423671687,7.88540189247394,0,0.0025,0
7.47508057663722,-6.83632831552299,0,0.0025,0
8.58839371805514,3.50947038176272,0,0.0025,0
2.38468873679594,7.91983533507964,0,0.0025,0
9.48901774752345,-2.36875703971431,0,0.0025,0
-3.52949973218136,-10.6516655431037,0,0.0025,0
5.40587072574555,6.78446794044805,0,0.0025,0
6.55290058378959,5.92704469531884,0,0.0025,0
-5.37217838263026,4.27631700073739,0,0.0025,0
9.08675650611742,2.19396514089139,0,0.0025,0
-1.40693391818746,-10.9167176143785,0,0.0025,0
9.11624904381428,-3.51146183856431,0,0.0025,0
-5.1964272304547,4.57218564637701,0,0.0025,0
2.23579021880686,-10.5979423841634,0,0.0025,0
5.23653021208194,6.93635515800193,0,0.0025,0
1.29493345756048,8.04197764852504,0,0.0025,0
9.56137567596874,0.37792564078806,0,0.0025,0
-5.78459788459654,-1.24284814058586,0,0.0025,0
-3.34185555657867,6.56484761562548,0,0.0025,0
9.11666616024416,2.20670839345895,0,0.0025,0
3.60892420273176,7.52858225103377,0,0.0025,0
7.64003807595996,4.77832083076835,0,0.0025,0
-0.865299415627715,7.86833868782822,0,0.0025,0
5.43505796542078,-8.77222432929496,0,0.0025,0
-3.49843801813791,-4.05157196956244,0,0.0025,0
-6.2643739764407,0.60784332379852,0,0.0025,0
8.6683627135825,3.12464138950897,0,0.0025,0
9.30051881905082,1.06544667777414,0,0.0025,0
-0.533234443134199,7.93317076753333,0,0.0025,0
8.0307965398335,4.43793485843376,0,0.0025,0
-1.31372477877051,-10.9344910950815,0,0.0025,0
9.64477781489363,-1.30418247103115,0,0.0025,0
2.77857153244007,-10.3125437461562,0,0.0025,0
5.42413053800735,-8.94822365792888,0,0.0025,0
-3.25679110278926,-10.7577945823572,0,0.0025,0
1.90029133754582,-10.5446548919877,0,0.0025,0
2.08627965900006,1.60020119019518,0,0.0025,0
4.82000905504953,7.04539103614317,0,0.0025,0
7.97557990563319,4.44648238112823,0,0.0025,0
1.12634369211847,-10.6892605755096,0,0.0025,0
-3.33353437035541,-4.10563067091929,0,0.0025,0
1.75959894332254,-3.91425911436359,0,0.0025,0
-0.246999319826679,-4.60055381344976,0,0.0025,0
-5.33925626718746,-9.99305750219386,0,0.0025,0
2.56156445292683,7.92782649024816,0,0.0025,0
-1.61210429371044,-4.72770318087316,0,0.0025,0
-1.78939638069744,7.44860291063597,0,0.0025,0
-3.6725231872694,-10.6080189632949,0,0.0025,0
4.29555928973449,7.40143195707442,0,0.0025,0
4.85064312631557,-9.23499735916698,0,0.0025,0
8.80473371968719,-4.79267180388944,0,0.0025,0
-4.4052953833273,-10.483646091415,0,0.0025,0
4.94705450993127,7.01967231468518,0,0.0025,0
2.3347390384308,1.2906761801247,0,0.0025,0
7.49511649984122,-6.97313838646271,0,0.0025,0
3.00978401291285,0.699772407269181,0,0.0025,0
8.42611270587147,3.57946683399948,0,0.0025,0
1.47987329185192,-4.120996375237,0,0.0025,0
6.67949867354274,5.83688186911381,0,0.0025,0
5.95718245087304,6.42510605645003,0,0.0025,0
4.09163736671184,-9.82480136195084,0,0.0025,0
3.24477525182918,7.80947189666441,0,0.0025,0
6.33918626486163,6.11833416143473,0,0.0025,0
-1.96797357399661,-4.56248645616532,0,0.0025,0
4.8909183913862,6.9374504527591,0,0.0025,0
0.249328979884783,7.87371441193404,0,0.0025,0
7.60071177406893,4.90051119975014,0,0.0025,0
-3.64435093105999,-10.555841724425,0,0.0025,0
-4.10792933288435,5.82900692124343,0,0.0025,0
-5.58634557271359,4.16921992910916,0,0.0025,0
-1.01842367072454,-10.9260458549426,0,0.0025,0
-3.52886641164149,6.53385108573857,0,0.0025,0
-6.21746535303013,1.6913558237783,0,0.0025,0
-5.63554689383547,3.88520448256095,0,0.0025,0
-4.51030807402099,-10.2823055787076,0,0.0025,0
9.28199140185364,-3.51496473553576,0,0.0025,0
9.38233393188504,0.929652110286458,0,0.0025,0
8.88298653596681,2.50372598870569,0,0.0025,0
1.45150312814947,7.97478706382991,0,0.0025,0
-6.13160063566464,0.0403861097064421,0,0.0025,0
3.56389929771308,-9.95901307039107,0,0.0025,0
-4.9950392441369,4.88112084912825,0,0.0025,0
-4.95836899030023,-2.7286825337206,0,0.0025,0
-5.65967141444174,-1.30769136738378,0,0.0025,0
-0.753160221696802,-11.0053369409615,0,0.0025,0
-5.12315623648727,4.9786769597699,0,0.0025,0
-2.0676788094311,7.25667158746866,0,0.0025,0
-3.15839324865692,-10.7864679005173,0,0.0025,0
0.586389243818639,-10.9249756996666,0,0.0025,0
-7.55110519096814,-4.61162172924421,1,0.0025,1
-9.37883130304487,1.16032867794096,1,0.0025,1
3.91350426081051,-6.15915169139439,1,0.0025,1
5.069773700385,3.06755025300385,1,0.0025,1
-2.4089862976451,10.5272941580247,1,0.0025,1
-8.72079196016855,-2.45848153462389,1,0.0025,1
-3.03198640105626,-0.098751911946499,1,0.0025,1
3.56411651680011,-6.40209036830385,1,0.0025,1
-2.94425213061074,-7.63880378590761,1,0.0025,1
6.12655867225225,1.23410874285481,1,0.0025,1
-8.04327640372287,5.77448239555066,1,0.0025,1
1.48840554982397,4.86376492937181,1,0.0025,1
-3.05229635822307,1.66881564908947,1,0.0025,1
3.92506157822829,-6.22110738778008,1,0.0025,1
3.75661073491001,-6.25713450286262,1,0.0025,1
-7.24440373218957,7.2755660084956,1,0.0025,1
-6.22112753026897,8.24035747629371,1,0.0025,1
-7.2272915154339,7.28068117083155,1,0.0025,1
-0.509883306413133,11.0187570753161,1,0.0025,1
1.97285142881822,11.0079207395528,1,0.0025,1
-4.75055304703877,-6.77211159341662,1,0.0025,1
-1.28353861205968,4.23268168482837,1,0.0025,1
1.19069919111995,-7.43283595976181,1,0.0025,1
-6.70095772443278,7.90557517740692,1,0.0025,1
4.85652437324583,-5.1350596881101,1,0.0025,1
-2.95009978673507,2.07746749998804,1,0.0025,1
-9.21933200419485,2.54438960825798,1,0.0025,1
-1.92099812810582,-7.7514137454807,1,0.0025,1
6.42513812952566,-0.677755938897563,1,0.0025,1
-9.03999961797065,-1.61255441450019,1,0.0025,1
-2.68567405682497,10.5963317144677,1,0.0025,1
0.375251785681465,11.0840658251773,1,0.0025,1
6.32924136146134,-2.10255308715705,1,0.0025,1
-9.32440215956251,0.966050769290571,1,0.0025,1
4.29930149905672,-5.86487160269152,1,0.0025,1
-7.52863070645884,-4.30769004569375,1,0.0025,1
2.37012219660893,-7.03453580460749,1,0.0025,1
5.33632699407532,2.69161358490435,1,0.0025,1
-9.34166507725239,1.6410916279898,1,0.0025,1
4.22600540716102,-5.96259926199264,1,0.0025,1
6.52087356020606,-0.78736260915844,1,0.0025,1
6.36479471712946,-0.203947899302999,1,0.0025,1
-3.74349899355246,9.92866522458335,1,0.0025,1
-8.37694977617884,-3.32755911525322,1,0.0025,1
6.33906717579023,-2.36387699783003,1,0.0025,1
-8.65061681294053,-2.51169940269536,1,0.0025,1
-8.49021556673211,5.3158897996588,1,0.0025,1
5.44230716469293,10.2739271265332,1,0.0025,1
1.26447713677425,4.89820053521316,1,0.0025,1
-1.02330326679787,10.9393892876517,1,0.0025,1
2.09295018138577,4.72995872371764,1,0.0025,1
-1.83144323150838,10.7285323129338,1,0.0025,1
4.12780324073335,10.7505511699438,1,0.0025,1
-2.67601277763088,-7.68532758217879,1,0.0025,1
6.16871308419731,-2.63812768132445,1,0.0025,1
3.61940903461049,10.9044133158536,1,0.0025,1
-9.30375262554112,2.96745775255726,1,0.0025,1
5.11730471344568,-4.74540474818294,1,0.0025,1
3.63311230048488,-6.30865112870349,1,0.0025,1
-6.77805427599583,-5.28634475659949,1,0.0025,1
-9.18867549854042,-0.58605258271522,1,0.0025,1
5.87636522218999,1.70090327717424,1,0.0025,1
-3.67668705986226,10.0638730756395,1,0.0025,1
0.351082295153542,-7.70371632695562,1,0.0025,1
-8.86641568800771,3.96930644856147,1,0.0025,1
5.57778267298236,10.2330427102067,1,0.0025,1
-8.96754234048958,4.13952899975933,1,0.0025,1
-5.40630957944504,-6.34953568570375,1,0.0025,1
-9.15607029117436,-0.956565800069567,1,0.0025,1
-6.21969795770481,8.25906852016923,1,0.0025,1
-8.10299800488938,-3.79137582715361,1,0.0025,1
-3.94566176223195,9.91236441443171,1,0.0025,1
-9.1572856756377,3.04553961999494,1,0.0025,1
4.61179693122091,-5.50145055096149,1,0.0025,1
2.01105731387887,-7.31867611367831,1,0.0025,1
-4.08416839634868,-7.10584472531226,1,0.0025,1
-6.4658818640287,8.15747578265343,1,0.0025,1
4.51903858797349,-5.46199976852004,1,0.0025,1
-4.0942036261787,9.80281096292981,1,0.0025,1
-6.14699912970625,-5.88988156468587,1,0.0025,1
-9.4469687482748,1.72307981017945,1,0.0025,1
-8.76409136259915,4.55761465103018,1,0.0025,1
2.43211528875948,-7.07064702273068,1,0.0025,1
0.052923770495214,-7.80101655149955,1,0.0025,1
-5.16671452742408,9.2668229073112,1,0.0025,1
-7.58200374538246,6.78023714793351,1,0.0025,1
6.21964781290821,-2.67006570600983,1,0.0025,1
-2.83372576463161,-7.58425074547065,1,0.0025,1
-4.37715846680002,-6.9390569337356,1,0.0025,1
6.33217450710102,-0.183121675893748,1,0.0025,1
-2.40721076253477,10.6032748570724,1,0.0025,1
-1.99265923478652,3.66322388515566,1,0.0025,1
-6.56457448644609,7.75560637699615,1,0.0025,1
-9.32954935806127,2.16884807010035,1,0.0025,1
0.537785713340852,11.1345053621602,1,0.0025,1
2.91320343204391,11.0424371040404,1,0.0025,1
-3.78180210486749,9.89395270577879,1,0.0025,1
-6.30146096766815,8.2735114113692,1,0.0025,1
3.42461226018483,10.881446805506,1,0.0025,1
4.57777148209488,3.45452594407128,1,0.0025,1
-9.21607448427949,-0.0616323335878643,1,0.0025,1
3.76588106233278,-6.40130732789074,1,0.0025,1
1.51120680842544,11.0498735509177,1,0.0025,1
6.05760928409568,-2.93386246168921,1,0.0025,1
-1.31355156027596,-7.85007100318057,1,0.0025,1
-0.987660341513877,-7.77686819029787,1,0.0025,1
-3.41109643051734,-7.37841631623226,1,0.0025,1
-2.35796372053926,3.32624831954828,1,0.0025,1
2.94797711693487,10.9529706904739,1,0.0025,1
-3.23995486522061,1.11520094974474,1,0.0025,1
2.96136816569358,-6.81550692360376,1,0.0025,1
-9.13008121128382,3.1816207713368,1,0.0025,1
2.51396570056796,4.76572812180962,1,0.0025,1
-9.43829515079779,1.18796389542287,1,0.0025,1
-9.4337969463967,1.49076354074972,1,0.0025,1
2.81975078592714,-6.91686329317156,1,0.0025,1
-8.10610100278061,-3.41827875006178,1,0.0025,1
-3.89597417606144,-7.31458011504566,1,0.0025,1
5.72009960548484,2.13746799930314,1,0.0025,1
6.06969390986613,-2.95540452023125,1,0.0025,1
5.41605949828902,2.44095143176079,1,0.0025,1
6.30784594509535,-2.12248206225492,1,0.0025,1
-0.323047303596802,4.71791552427713,1,0.0025,1
-8.195605768594,5.5859261035249,1,0.0025,1
-3.99014722887966,9.76794749091284,1,0.0025,1
-8.25809309799477,5.61111753432181,1,0.0025,1
-1.08182429242764,-1.61225424989663,1,0.0025,1
-0.811445998253196,10.9869594897894,1,0.0025,1
-4.8194533528827,9.28834548095646,1,0.0025,1
-9.13529070688326,-0.71622535146842,1,0.0025,1
-7.36952102897805,7.10018406667819,1,0.0025,1
-5.47954820597676,8.84387402198878,1,0.0025,1
5.88346239531379,-3.36447570621332,1,0.0025,1
4.55181401603343,-5.59748641447969,1,0.0025,1
3.14252912344814,-6.74673628085204,1,0.0025,1
3.09521628675667,-6.76191327449906,1,0.0025,1
-9.32262101035158,1.93465292585286,1,0.0025,1
4.35005096290967,10.6745376340389,1,0.0025,1
4.1269675435789,3.87921470837313,1,0.0025,1
4.59873009982369,3.4507591154538,1,0.0025,1
-3.39818057169803,10.0772426658735,1,0.0025,1
-0.105093393447598,11.0699875522419,1,0.0025,1
-4.25084878306185,9.77965680097045,1,0.0025,1
5.38062775071758,-4.42858451256007,1,0.0025,1
-0.274591088427986,-7.8636537996428,1,0.0025,1
-9.41805893461633,0.411190375762557,1,0.0025,1
-8.94445206576597,-1.51664311489122,1,0.0025,1
5.90137062142434,1.60139414598028,1,0.0025,1
-1.26729967702492,-1.77040593975492,1,0.0025,1
0.645011357887145,4.97873724022361,1,0.0025,1
5.48725537057698,-4.31530751267604,1,0.0025,1
-9.34742206038314,2.06003640787605,1,0.0025,1
-2.89756722457641,10.4397038853656,1,0.0025,1
1.01415158142958,-7.64541314837457,1,0.0025,1
-8.01868229820454,6.14927052131716,1,0.0025,1
-9.15053191877065,3.54519548594932,1,0.0025,1
4.77876988991906,10.5612699542157,1,0.0025,1
-1.26194350466862,10.9410556873475,1,0.0025,1
-9.24485095404914,0.326342118856335,1,0.0025,1
-8.79443827503849,4.22296300161673,1,0.0025,1
-3.17797134449215,0.689658875875727,1,0.0025,1
-9.0662304551617,-1.02168988167882,1,0.0025,1
3.52041471541778,10.8021549331809,1,0.0025,1
-5.47525343818821,8.94347267667995,1,0.0025,1
-3.20110722466278,0.966371114826852,1,0.0025,1
5.8364200675314,10.1794579853027,1,0.0025,1
-7.86410869214719,-4.07737394263651,1,0.0025,1
-4.68771858105016,9.47717164565704,1,0.0025,1
5.46385773626994,-4.29406410453241,1,0.0025,1
-7.57692459078559,6.71772030366109,1,0.0025,1
-9.27944083188262,-0.489283240998299,1,0.0025,1
-5.96628708872485,-6.04025979220877,1,0.0025,1
-6.44859374600674,-5.59588771737029,1,0.0025,1
-7.55794936479905,-4.27561835109399,1,0.0025,1
2.02393780316813,11.0273461012147,1,0.0025,1
-9.3636305487657,-0.301806357151419,1,0.0025,1
-0.38741140397538,10.9837517326631,1,0.0025,1
1.52926799446713,4.81683564805967,1,0.0025,1
3.7836722768189,-6.23442451988966,1,0.0025,1
-6.50727680154574,-5.54480748595781,1,0.0025,1
-3.22536915205674,1.53544255266174,1,0.0025,1
-5.77440719978951,-6.10480408767167,1,0.0025,1
0.972779158221065,-7.64852258699171,1,0.0025,1
-8.70114229788584,-2.66032564771897,1,0.0025,1
2.7266798273793,-6.96925166269886,1,0.0025,1
-2.04865214732954,10.7249975786327,1,0.0025,1
2.64310031213553,10.9732036255149,1,0.0025,1
-2.99942619945216,2.29921518478553,1,0.0025,1
4.81224533915382,3.26015214014774,1,0.0025,1
-4.45642112358902,9.66487055417137,1,0.0025,1
-9.13388974489356,3.33879868168035,1,0.0025,1
-9.27245288806364,0.25898868057518,1,0.0025,1
-9.12888202046851,3.56815568449036,1,0.0025,1
-7.31876396913007,7.06042046620914,1,0.0025,1
1.63803643838922,11.1158659015192,1,0.0025,1
2.91599558736626,-6.71916308269041,1,0.0025,1
4.00532791779271,-5.941468221606,1,0.0025,1
-9.33924785243594,-0.414159619362137,1,0.0025,1
4.29985266373537,-5.81796547498685,1,0.0025,1
1.23841124331261,4.88125099001359,1,0.0025,1
-3.18087717576928,10.3091434064325,1,0.0025,1
0.381596541309988,11.151951753007,1,0.0025,1
5.7242501064793,-3.76290154174031,1,0.0025,1
3.08194767005908,4.44798898371526,1,0.0025,1
-2.55659828183764,-7.61739789275764,1,0.0025,1
-1.05223773620059,-7.85765560577304,1,0.0025,1
-9.4287930246795,1.70403455930959,1,0.0025,1
-9.46239160424335,1.14531618431405,1,0.0025,1
-8.91006132201619,-1.84564988529921,1,0.0025,1
-7.65021965174649,-4.24639051911339,1,0.0025,1
5.57284519949674,10.2062280449187,1,0.0025,1
5.55944591038028,10.1530792748388,1,0.0025,1
-8.15588774200147,5.92286582781716,1,0.0025,1
4.59263722724058,3.37195882362827,1,0.0025,1
6.05980083834655,-3.10533557805934,1,0.0025,1
-5.92384475642329,-6.01002278984997,1,0.0025,1
-6.47700615554009,7.96862702322286,1,0.0025,1
-4.71076462779031,9.47640362146598,1,0.0025,1
-8.26668405115455,-3.52173479224871,1,0.0025,1
0.0135211994079507,-7.6741766376989,1,0.0025,1
2.25957036199294,11.0901723779439,1,0.0025,1
-9.13063923116315,-0.878524197768539,1,0.0025,1
-9.31880615136001,0.267507685118681,1,0.0025,1
3.95465147084005,4.09582371535424,1,0.0025,1
-8.94135169835469,3.91629749978536,1,0.0025,1
4.54543391129075,3.55627346842936,1,0.0025,1
-4.28030214515194,9.63595705010191,1,0.0025,1
-2.20006524011257,-7.75437600498748,1,0.0025,1
6.498392751413,-1.13018423627071,1,0.0025,1
-9.43931900850908,0.826003023248337,1,0.0025,1
4.13022485995918,3.94903851873777,1,0.0025,1
2.79633211811984,4.6742391262467,1,0.0025,1
4.49840913808259,3.5888059736657,1,0.0025,1
-8.45089858158224,5.35933460786889,1,0.0025,1
-7.25978343775587,7.3082278231777,1,0.0025,1
-9.43682844524776,1.22365202176186,1,0.0025,1
4.72107152178932,-5.2987517476083,1,0.0025,1
1.2219457637099,11.230520963109,1,0.0025,1
-4.48051021886193,9.68852497833633,1,0.0025,1
-1.48166604796743,10.8348454986335,1,0.0025,1
4.6866320060758,-5.55187505035333,1,0.0025,1
-8.45102229112762,5.21446386559105,1,0.0025,1
3.11610328217782,-6.60635569378538,1,0.0025,1
-1.38641321310296,-7.88746236235543,1,0.0025,1
-5.76639010859832,-6.20629790385821,1,0.0025,1
5.52950959219494,2.38019379883867,1,0.0025,1
-8.51051331238612,5.14252914362506,1,0.0025,1
-5.09824799653577,-6.70614829471157,1,0.0025,1
-0.00540708750907101,11.1785842972762,1,0.0025,1
-8.10305124598012,-3.72829404326598,1,0.0025,1
-8.71026199471686,-2.57380238478464,1,0.0025,1
5.23030448464206,2.92151687586899,1,0.0025,1
0.614065803703109,4.91742610037167,1,0.0025,1
-6.65945793068118,7.89914282770786,1,0.0025,1
-2.61353502100796,-7.63599364982921,1,0.0025,1
1.60271537127204,11.125778150584,1,0.0025,1
-2.16922760036084,10.6817237987887,1,0.0025,1
-8.34324229889443,5.58866521476032,1,0.0025,1
-1.49346257700585,-7.75356628524984,1,0.0025,1
5.98767107599185,-3.3222999607398,1,0.0025,1
-2.69927353569688,10.4612473863072,1,0.0025,1
-6.78641040918217,7.7415154167285,1,0.0025,1
6.26661902160823,-2.12883485677717,1,0.0025,1
-6.17825282289411,8.29467796648314,1,0.0025,1
-8.45481405557287,-3.14049341560799,1,0.0025,1
-5.43570937993938,9.01080505111949,1,0.0025,1
-9.26348057952873,-0.662632352535526,1,0.0025,1
-9.23655835465784,3.04954283302906,1,0.0025,1
-7.11713006262575,-5.02735466553521,1,0.0025,1
-0.304471293136105,-7.80124120948321,1,0.0025,1
-7.36662806082115,7.03749485860439,1,0.0025,1
-9.28316400627169,1.45175089622511,1,0.0025,1
1.65031307806119,-7.37471927865526,1,0.0025,1
-2.41253542940731,10.4418682033089,1,0.0025,1
5.82693271424477,-3.49127755831172,1,0.0025,1
-5.21788354557139,-6.59634768328312,1,0.0025,1
-9.44379759449606,1.27775102882676,1,0.0025,1
-2.01099830296233,3.83754096236607,1,0.0025,1
5.78063969201442,-3.59504343965738,1,0.0025,1
-6.04900803327521,-5.89461310151526,1,0.0025,1
4.53190211604075,10.651708845087,1,0.0025,1
-7.73616217216654,6.57618991843661,1,0.0025,1
6.20457370164504,-2.47284315454452,1,0.0025,1
-8.59928961393662,-2.66866682405029,1,0.0025,1
-9.27350421971172,2.33431581530548,1,0.0025,1
-5.64959560582306,-6.25233263766201,1,0.0025,1
6.51869034281385,-1.26394987980297,1,0.0025,1
0.591333396842807,4.84479905933102,1,0.0025,1
-0.62020585887304,-1.78864573875283,1,0.0025,1
5.15556701005312,3.04472586969388,1,0.0025,1
-7.39595827383329,7.08822864935698,1,0.0025,1
-8.43742944134635,-2.86921644557487,1,0.0025,1
-5.7709618856329,8.53983074784253,1,0.0025,1
-3.23785347355712,10.3337561164908,1,0.0025,1
-9.28765858873021,2.4042496019483,1,0.0025,1
-1.84628797534387,3.79179926236237,1,0.0025,1
-5.56726915006076,8.82519194768356,1,0.0025,1
-9.23846956447047,0.00655616369163464,1,0.0025,1
-3.76884091974613,9.99558083563797,1,0.0025,1
2.41871822086738,10.9909214252164,1,0.0025,1
-2.42313474770277,-7.69524638962745,1,0.0025,1
1.37695448238353,4.8165473005014,1,0.0025,1
-9.27661941132156,0.71875797540523,1,0.0025,1
0.707982366406735,4.98056178749686,1,0.0025,1
-1.75338080043026,-7.81044702795595,1,0.0025,1
-9.25399120970312,0.358937675653103,1,0.0025,1
-1.63228738134622,10.7071326885156,1,0.0025,1
-8.90643303473362,3.88601222741097,1,0.0025,1
-8.61092152826537,-2.49147014211372,1,0.0025,1
-7.90332020749871,-3.94925485236193,1,0.0025,1
-9.31339620607227,0.695127102939125,1,0.0025,1
0.307063356597225,-7.67844292573655,1,0.0025,1
-6.244985335233,8.23928791688139,1,0.0025,1
-2.04238586796898,3.66736722324119,1,0.0025,1
6.48206670122664,-1.46675509615247,1,0.0025,1
5.01381255820231,2.96187759962188,1,0.0025,1
2.05030601619636,-7.29282683361049,1,0.0025,1
-9.43772241814978,1.11118568385335,1,0.0025,1
-1.7734113995526,3.83790784035537,1,0.0025,1
3.69216753536391,-6.27723941162767,1,0.0025,1
-5.7179289721346,8.75473581853693,1,0.0025,1
0.866767157031595,-7.54185021704925,1,0.0025,1
-8.71770366190726,4.641581401731,1,0.0025,1
-6.24416700034014,-5.9230038744833,1,0.0025,1
-2.98281143731806,2.26356018502183,1,0.0025,1
5.0103142054931,-4.98349947023565,1,0.0025,1
2.20573706342033,-7.16029000373476,1,0.0025,1
1.10479159783535,4.83733417054133,1,0.0025,1
2.64208079509416,-6.95518716990849,1,0.0025,1
-1.99708384939134,-7.81861647661194,1,0.0025,1
3.64801160337929,4.26099033629276,1,0.0025,1
6.07151003582665,-2.94297995787218,1,0.0025,1
-8.39810323368026,-3.1954878227232,1,0.0025,1
-8.443216591338,5.23108011190406,1,0.0025,1
-7.58731253542,-4.42514393649828,1,0.0025,1
3.89778071625303,-6.11850442114914,1,0.0025,1
-7.17643940734052,-4.69594661580071,1,0.0025,1
4.79256484364144,10.4173297250747,1,0.0025,1
-9.32494238993231,2.81497115257227,1,0.0025,1
0.157231564443755,11.0943451002659,1,0.0025,1
-2.31900714617237,-1.14269002179538,1,0.0025,1
5.61894402408839,2.21797990658808,1,0.0025,1
-9.21347084307943,2.41725242602021,1,0.0025,1
6.44998519707586,-1.315804443942,1,0.0025,1
-8.81980087467195,-2.29124425700882,1,0.0025,1
-5.00908502369729,9.27094681615321,1,0.0025,1
-1.95858985565744,-7.79160442103229,1,0.0025,1
-4.39988275071693,9.61711982580948,1,0.0025,1
-0.0175251779416938,4.86382703747053,1,0.0025,1
5.5955814962798,-4.06935371432219,1,0.0025,1
-3.15025496033681,0.850620071663531,1,0.0025,1
6.30847992344325,0.529057245000713,1,0.0025,1
3.26733503977983,-6.58839540706509,1,0.0025,1
-9.22373316099754,2.47044488832482,1,0.0025,1
2.93573164803217,10.9034891767089,1,0.0025,1
-7.7284655363675,6.31292220258697,1,0.0025,1
-2.69146451950302,3.01305433673135,1,0.0025,1
-7.08972743783163,-4.91288625141737,1,0.0025,1
-5.59696700205244,8.82799025788065,1,0.0025,1
-1.22308016692877,10.9157428954398,1,0.0025,1
5.02579315236159,-4.97367572381751,1,0.0025,1
3.39760938425567,10.8512239461014,1,0.0025,1
-2.01558935257013,3.75375043741366,1,0.0025,1
-8.98193707516771,-1.58638601206369,1,0.0025,1
5.72541914305313,10.0825156979717,1,0.0025,1
4.21774424214383,-5.88360702572666,1,0.0025,1
3.82201199719836,10.8385728566934,1,0.0025,1
-4.62331624383293,-6.99659019325571,1,0.0025,1
-9.15237827428062,2.59109802928329,1,0.0025,1
-8.62767448876966,4.87642455077863,1,0.0025,1
-3.24104198645941,10.1727246134026,1,0.0025,1
-7.65859795357883,-4.21830965266339,1,0.0025,1
-1.49736015233232,-1.630652655517,1,0.0025,1
-1.13778872459336,10.8446649191468,1,0.0025,1
6.51768208792921,-0.248935249278095,1,0.0025,1
-8.05342411216668,-3.72504498931206,1,0.0025,1
-8.78210717067864,-2.37277094502283,1,0.0025,1
4.65925615950339,10.5027922032634,1,0.0025,1
-9.23785625997622,3.04195383383496,1,0.0025,1
2.86972751314936,11.0666153913567,1,0.0025,1
2.45357817755246,11.1121188639206,1,0.0025,1
1.01662943714335,4.89023688655833,1,0.0025,1
1.85847671393413,-7.38105739013142,1,0.0025,1
-6.30034914437084,-5.79936786962423,1,0.0025,1
-8.6843482773004,4.81058420631017,1,0.0025,1
3.71119976926918,10.8876197679044,1,0.0025,1
2.40178494223565,-7.07505468231501,1,0.0025,1
-5.65349146580625,-6.19786773059038,1,0.0025,1
4.61153952583528,-5.64795939026143,1,0.0025,1
-9.25812629598412,2.84670694189593,1,0.0025,1
-8.59483886962114,4.72080179105366,1,0.0025,1
-1.43447755710607,-7.8212704263154,1,0.0025,1
-3.12916368671845,1.73989781759612,1,0.0025,1
-7.69920819414246,-4.42821552098239,1,0.0025,1
-0.603260660768555,-7.88822099123887,1,0.0025,1
6.21126623609685,0.932720605850176,1,0.0025,1
-0.892159547116999,-7.79508319560676,1,0.0025,1
-8.46347249869943,5.11271957859263,1,0.0025,1
2.49274232422055,-7.11495793878504,1,0.0025,1
-3.34391486216557,-7.30298292205253,1,0.0025,1
-7.5591426601057,6.69595635291869,1,0.0025,1
5.22975143411741,-4.80716756140423,1,0.0025,1
-5.5898226321724,8.8941459640114,1,0.0025,1
2.67285036892893,4.65886866809793,1,0.0025,1
4.66225060515492,10.6070342992944,1,0.0025,1
-9.22242477682326,3.04972615192015,1,0.0025,1
-2.24232606098458,3.42957623673147,1,0.0025,1
-3.00291823799917,-7.55699838144597,1,0.0025,1
-8.58312252207823,5.08833363266782,1,0.0025,1
-7.60824601710579,6.70245721106266,1,0.0025,1
-1.73646795985358,-1.54876602388577,1,0.0025,1
1.79081963507308,11.1946478268296,1,0.0025,1
-0.729890529054388,4.42386376281323,1,0.0025,1
3.13953473909621,4.46065761899327,1,0.0025,1
-2.00256030259933,3.74579440405252,1,0.0025,1
-3.4223199729847,10.1635447782278,1,0.0025,1
-0.621853099721583,11.0707301206034,1,0.0025,1
-2.75741383469211,2.67095942940116,1,0.0025,1
3.7309191488452,4.16691874842487,1,0.0025,1
3.37990952006636,-6.54242812848682,1,0.0025,1
6.50535912858047,-1.55725874027111,1,0.0025,1
3.90369333750097,10.8284356460058,1,0.0025,1
-4.63072109495835,9.52059977897412,1,0.0025,1
6.21482032318721,0.805610847241198,1,0.0025,1
-4.79354509252853,-6.8205686699398,1,0.0025,1
6.52144916340817,-1.1079448932549,1,0.0025,1
-2.59157559828983,-7.63759677767846,1,0.0025,1
-2.7494272637061,10.3588099090446,1,0.0025,1
0.763440028375929,11.1938435109483,1,0.0025,1
5.85708793621999,-3.77309573236515,1,0.0025,1
-1.3682053390638,10.8784961333122,1,0.0025,1
6.41158098483301,-0.0341476844639105,1,0.0025,1
5.12364390684861,10.3480305205395,1,0.0025,1
-0.798444593975192,-7.87058461905825,1,0.0025,1
-9.39360823108627,1.3790531100403,1,0.0025,1
-5.5419692897772,-6.43186501727743,1,0.0025,1
5.50169373717309,10.2614201224134,1,0.0025,1
5.08597331183411,2.81089198724577,1,0.0025,1
-0.104653073789806,4.84963869255089,1,0.0025,1
-8.80449793749979,-2.11400917023945,1,0.0025,1
-4.12383615754106,9.83143355017524,1,0.0025,1
-3.05882050968678,0.0179599005169703,1,0.0025,1
-4.90465910843592,9.35852555328559,1,0.0025,1
0.191909526053408,-7.79609709468015,1,0.0025,1
6.26908347501086,0.679894604844817,1,0.0025,1
-5.20046349531761,-6.55228187830683,1,0.0025,1
-9.29216881300019,1.11335078173719,1,0.0025,1
-7.69372808866252,-4.084533537547,1,0.0025,1
-3.09324935151149,0.0873627189006056,1,0.0025,1
-6.22856092073585,-5.76131826817207,1,0.0025,1
-9.35556397321107,0.684873136915614,1,0.0025,1
-9.44782765660578,0.328328435349447,1,0.0025,1
6.275847540243,0.931947780328519,1,0.0025,1
-6.42654410390653,-5.63133760337519,1,0.0025,1
-1.40165745609546,-7.88229317217756,1,0.0025,1
5.1957536923084,10.3024875388107,1,0.0025,1
-0.753198257373781,10.9863153206449,1,0.0025,1
-3.86765551538654,-7.29934435634527,1,0.0025,1
-5.44201228402597,9.04835651750433,1,0.0025,1
-5.2554846932927,-6.4650405280416,1,0.0025,1
-4.5174907011634,-6.91115835947176,1,0.0025,1
1.97418553868989,11.008220720262,1,0.0025,1
0.945210113471033,-7.61922555672329,1,0.0025,1
0.658139672357138,4.87795900278594,1,0.0025,1
-8.12971677365715,-3.62057500935228,1,0.0025,1
5.82231672897862,-3.50249268165945,1,0.0025,1
0.355511748082642,11.177206461949,1,0.0025,1
3.48948122213872,4.32052209454635,1,0.0025,1
-0.967847663383061,11.016817753947,1,0.0025,1
4.35211856495994,10.6502274867224,1,0.0025,1
-0.175122662042071,11.1591409225897,1,0.0025,1
-2.87127365747826,2.55384543808097,1,0.0025,1
-7.52196940344248,-4.31693367249377,1,0.0025,1
-9.23525301873331,0.0717982433998445,1,0.0025,1
-3.10825261575696,0.195376170532761,1,0.0025,1
-8.8720988202148,-2.18112651192605,1,0.0025,1
-1.85721031025739,3.85801745231675,1,0.0025,1
-0.290560704796007,-7.81700827832879,1,0.0025,1
-0.939571674698694,10.9716722248511,1,0.0025,1
-9.00947487417308,-1.35013019734413,1,0.0025,1
-7.47192734839361,-4.41301854832611,1,0.0025,1
-8.54835211519408,-2.56724443618354,1,0.0025,1
0.457051189812555,11.0251221428557,1,0.0025,1
-7.42579859065883,7.02747163685765,1,0.0025,1
1.75527541726895,-7.4027727339111,1,0.0025,1
-1.93113240528407,-7.65518979725472,1,0.0025,1
-8.61670073484654,-2.60454945727969,1,0.0025,1
-1.81525138745176,3.79707432989694,1,0.0025,1
5.08328775681496,2.87835535676695,1,0.0025,1
-9.21937746859332,-0.283981160130312,1,0.0025,1
-2.78298402125852,-7.54663988222529,1,0.0025,1
0.719331496259067,11.1906240499957,1,0.0025,1
-1.06532249165273,10.8843191185435,1,0.0025,1
-6.93410203078275,-5.05701509037538,1,0.0025,1
-8.5136482016248,-2.62910749213548,1,0.0025,1
6.07725157981003,-2.82824318609617,1,0.0025,1
0.868893732320747,4.92651137023129,1,0.0025,1
-8.8555285474992,-1.73161877680882,1,0.0025,1
5.29968537772086,2.71197449526299,1,0.0025,1
6.09702946067297,-2.86084021664541,1,0.0025,1
-6.81505895242309,7.77629427625919,1,0.0025,1
-2.10733616021201,10.6626011789351,1,0.0025,1
6.03600714832834,-3.51698879938755,1,0.0025,1
-2.92037948834247,-0.306755621041758,1,0.0025,1
-9.16606623195053,3.11470378018603,1,0.0025,1
-6.77726519194737,7.56682403538421,1,0.0025,1
-7.96259225545644,6.16823196425129,1,0.0025,1
-3.22761649077955,0.713652871907507,1,0.0025,1
-8.74927974308036,4.66008615156638,1,0.0025,1
5.027468581767,3.21869437773923,1,0.0025,1
-1.76181321923338,-7.86460058989319,1,0.0025,1
2.90381641345245,-6.79071869310251,1,0.0025,1
-2.87323843281581,10.3960061149748,1,0.0025,1
-6.52646325836608,8.11969024636413,1,0.0025,1
-9.27459408215491,-0.909613298219994,1,0.0025,1
-4.78974759980415,9.51607351214918,1,0.0025,1
5.15386873586115,3.03051272502044,1,0.0025,1
5.23558946734126,-4.67380584470551,1,0.0025,1
-9.44575095808489,0.79416572256663,1,0.0025,1
-1.78522327515487,-1.38090833901426,1,0.0025,1
0.883988158673292,-7.57783611425493,1,0.0025,1
-4.2504901057592,-7.00568522390494,1,0.0025,1
2.82849951693396,4.59705373837332,1,0.0025,1
5.56163323692692,-4.19633253886433,1,0.0025,1
-9.29536180026832,0.225909064454706,1,0.0025,1
4.71361276555413,3.33864592405946,1,0.0025,1
-7.91294805519558,6.35295466771177,1,0.0025,1
-3.87835235404864,9.85800025602789,1,0.0025,1
-2.66857917288241,2.86538339222861,1,0.0025,1
6.03565714993064,1.21893217154789,1,0.0025,1
0.100820030537064,-7.76619805272736,1,0.0025,1
6.07190216376469,1.50244496524962,1,0.0025,1
-5.55909471305588,-6.25175633322358,1,0.0025,1
-9.31714819700299,2.05279372668615,1,0.0025,1
1.93667153316416,4.81220731827189,1,0.0025,1
-2.86426707144438,-7.58608635662736,1,0.0025,1
5.05536815581089,-5.04742066931229,1,0.0025,1
-4.54095451926734,9.56247558530987,1,0.0025,1
-2.31839213514531,3.49586608981261,1,0.0025,1
-4.63762273042995,9.52349127026517,1,0.0025,1
6.13511963715925,1.15194109191322,1,0.0025,1
-1.29558011241145,10.881892548021,1,0.0025,1
-8.62595081482099,4.87977176467521,1,0.0025,1
-7.90288026494776,-3.83787482035487,1,0.0025,1
4.99347722426453,3.21051858481802,1,0.0025,1
1.95889783860892,4.88548255126273,1,0.0025,1
-1.94172245470068,3.90946874368856,1,0.0025,1
0.28419444006822,-7.73264123395044,1,0.0025,1
6.04124258598881,-3.12814573899771,1,0.0025,1
-8.29118077237691,-3.15799439886759,1,0.0025,1
-6.85908442767203,7.62386267424781,1,0.0025,1
-0.227708167103772,4.77698570905591,1,0.0025,1
-3.06185026990712,-7.56695329383913,1,0.0025,1
-7.04253889250279,7.46479665145782,1,0.0025,1
-0.516006515882969,11.0398916020015,1,0.0025,1
5.69998083988665,2.05309948328716,1,0.0025,1
-8.05408728657326,-3.50628537894369,1,0.0025,1
-8.9065861744902,4.06609686266572,1,0.0025,1
-5.06822923301311,9.20809146277919,1,0.0025,1
-9.20202919910711,2.53017214932801,1,0.0025,1
-7.78231130839252,6.322536646615,1,0.0025,1
-6.4319283074544,-5.78603104974604,1,0.0025,1
-9.36064119853131,1.28947404646522,1,0.0025,1
3.55423651444091,4.29694881277948,1,0.0025,1
-8.38360605216608,-2.91561090410789,1,0.0025,1
2.88599682810283,10.9892059766141,1,0.0025,1
6.04685170769993,-3.30831273269191,1,0.0025,1
-3.1356281352736,0.90431028919416,1,0.0025,1
5.13655290692349,-4.94039112496743,1,0.0025,1
0.850450719156842,4.93648360180221,1,0.0025,1
-2.11017161006142,-7.61136828249959,1,0.0025,1
4.66437867736422,-5.48553222844202,1,0.0025,1
-8.23294962200778,-3.46372608400203,1,0.0025,1
-8.59939497054039,-2.43866971833736,1,0.0025,1
2.25546680631483,11.1623068377952,1,0.0025,1
-1.29651968471663,10.8011793933668,1,0.0025,1
5.66790895698568,-4.10809132801502,1,0.0025,1
-3.02240125359251,-7.65413905862515,1,0.0025,1
4.55822047498706,3.42217028775977,1,0.0025,1
3.01227158583636,4.45439404174547,1,0.0025,1
-8.89897162578178,-1.61749623276462,1,0.0025,1
-2.66646443607052,2.77415048787021,1,0.0025,1
-3.06898154134207,2.22119110508272,1,0.0025,1
3.26381495991657,10.9278774413956,1,0.0025,1
-6.58730202589982,7.94028593050579,1,0.0025,1
-0.066422296384785,10.9912098281955,1,0.0025,1
-8.90767427410347,-1.71430378627554,1,0.0025,1
-7.45948868422686,6.92533301197866,1,0.0025,1
6.44118181040463,-1.31297112646709,1,0.0025,1
4.47749312437599,10.5159224568415,1,0.0025,1
5.10877696641873,2.90600380295626,1,0.0025,1
-3.12517698607528,1.06664363878469,1,0.0025,1
4.94935490325783,-5.11018021021342,1,0.0025,1
-7.63598476151223,-4.28924486260515,1,0.0025,1
5.55388889881581,2.22341236309413,1,0.0025,1
3.46362612524627,10.9389797921287,1,0.0025,1
5.21913539427299,2.82647180691044,1,0.0025,1
-8.86536907340572,4.43105559643385,1,0.0025,1
-5.70272138116795,8.68428964382398,1,0.0025,1
-8.48170377494942,5.23115068478288,1,0.0025,1
-2.19645100314354,-7.65998990753979,1,0.0025,1
5.44962765348695,10.3458106153196,1,0.0025,1
5.51939784353534,-4.22512247061962,1,0.0025,1
5.50157296031008,2.35822287499508,1,0.0025,1
-8.79881195449811,-1.90999995547878,1,0.0025,1
-9.31502698977019,0.498542448099349,1,0.0025,1
-3.82461501188334,9.99998766951945,1,0.0025,1
-6.50017581868989,8.0749734079322,1,0.0025,1
1.3431578281189,-7.58131683970149,1,0.0025,1
-0.605265401542712,-7.81185668585746,1,0.0025,1
6.29136995605513,-2.28079142463966,1,0.0025,1
3.07660573362779,11.0032606668057,1,0.0025,1
-9.22869841316474,-0.645567787225529,1,0.0025,1
4.93865089372573,10.4030669667313,1,0.0025,1
-7.96651072656205,6.14477220365043,1,0.0025,1
-8.78105070481707,4.32974400159969,1,0.0025,1
-3.2200542055813,1.05688253046782,1,0.0025,1
-4.22817511667909,9.70956341580352,1,0.0025,1
-0.192216236785568,11.1245000325042,1,0.0025,1
-7.05075356470643,7.33968259512619,1,0.0025,1
-9.17473530402753,-1.01810687894806,1,0.0025,1
-8.91936670059813,4.09220116190109,1,0.0025,1
-8.72697596615351,-2.32626614479558,1,0.0025,1
-6.60161073092172,-5.49763582981165,1,0.0025,1
-8.44163151282213,-3.19741654775243,1,0.0025,1
3.36911003069874,10.9137596946675,1,0.0025,1
-9.06064137426812,-1.38032272855495,1,0.0025,1
3.60247228912865,10.8744536064437,1,0.0025,1
-5.96611509024738,-6.13895633254375,1,0.0025,1
5.91479551418083,-3.31711157335906,1,0.0025,1
-8.0695784013376,6.10804471187667,1,0.0025,1
-5.54024221165874,8.8139049991468,1,0.0025,1
-7.80499469439678,6.39992079161635,1,0.0025,1
-3.44628275272611,10.1461289185833,1,0.0025,1
2.58899302145503,-7.10279951669904,1,0.0025,1
6.40060223885695,0.495418437348177,1,0.0025,1
-4.78674157393591,-6.84489198518588,1,0.0025,1
-0.553592707141186,11.0963444934556,1,0.0025,1
3.9083439398555,-5.98894356576475,1,0.0025,1
-8.68494456464458,4.79922205301862,1,0.0025,1
-7.44555432451044,-4.53866907414253,1,0.0025,1
-2.8791655307452,-0.307658415292357,1,0.0025,1
1.04880687721737,4.98106556951153,1,0.0025,1
-8.27243010483207,5.32619941642115,1,0.0025,1
-6.31872642389767,-5.71171933332423,1,0.0025,1
2.10202760202632,-7.23506444203092,1,0.0025,1
-6.66184846412645,7.92284128764994,1,0.0025,1
-4.10894851712832,-7.25953459094215,1,0.0025,1
6.41923748155597,-0.4740395258351,1,0.0025,1
4.47088995380997,3.62008532384733,1,0.0025,1
5.83490558496044,-3.68012133224861,1,0.0025,1
-6.58081802602175,7.83292363531415,1,0.0025,1
4.78243512362337,3.34200768590505,1,0.0025,1
-7.13892608575369,7.22962309021671,1,0.0025,1
5.33658038073209,-4.51779641810097,1,0.0025,1
1.71430339326295,11.1044553442577,1,0.0025,1
2.09548147193687,4.76638803836459,1,0.0025,1
-4.20885423496641,-7.02526541800055,1,0.0025,1
-3.79164743316516,-7.17999474330484,1,0.0025,1
-6.46928796876504,8.12067330696781,1,0.0025,1
-0.447159454782914,4.58245628997735,1,0.0025,1
-9.47475905650478,1.25574587692255,1,0.0025,1
3.54112351215146,-6.44616531422803,1,0.0025,1
3.66489642938461,4.15030929385729,1,0.0025,1
6.05597527835644,-3.102356602768,1,0.0025,1
-2.81772647644349,2.35682173716335,1,0.0025,1
2.82958020709131,4.54466864428657,1,0.0025,1
-0.119136582088928,11.0084471909022,1,0.0025,1
-2.95982399735496,-7.51084833842254,1,0.0025,1
-0.222975335130204,11.0543878030666,1,0.0025,1
-4.85586042214536,9.37851919776151,1,0.0025,1
-9.29344808149718,2.84724673592557,1,0.0025,1
-2.22290448092708,10.7021538632018,1,0.0025,1
5.97957059984927,-3.5925815877468,1,0.0025,1
5.34595165727081,-4.44942020361032,1,0.0025,1
4.88086723034217,3.30698010464544,1,0.0025,1
-9.32345655681098,2.3558429962951,1,0.0025,1
-2.08193282267458,3.46926334190282,1,0.0025,1
-6.22889964790539,8.19828062806859,1,0.0025,1
-6.8055967820299,7.74461419201898,1,0.0025,1
3.47789181958327,4.31001961519101,1,0.0025,1
4.14400703263986,3.74375068827221,1,0.0025,1
4.66466306138135,-5.24429197014018,1,0.0025,1
-8.98347962779712,-1.59155452581335,1,0.0025,1
-6.46720852581465,-5.64107738673946,1,0.0025,1
-0.757474185616388,10.9305498073349,1,0.0025,1
5.03183601841685,3.02968805301505,1,0.0025,1
0.140598321985707,11.0579598084179,1,0.0025,1
2.50925261495973,11.1000790926634,1,0.0025,1
-2.53104967379342,10.5881592909503,1,0.0025,1
-7.91641738149437,-3.99282292771138,1,0.0025,1
-6.86809048854259,7.79060094299526,1,0.0025,1
6.32127972605695,-2.361391978576,1,0.0025,1
-1.31911737424603,4.35192450450194,1,0.0025,1
-1.55967977827352,-7.85981777398774,1,0.0025,1
-2.81493165175436,10.3866607764745,1,0.0025,1
6.5163220734277,-1.33102003028059,1,0.0025,1
-1.99726473640505,10.7290049241703,1,0.0025,1
-3.56231704895795,-7.3451109586409,1,0.0025,1
-9.335827091716,1.94111815524227,1,0.0025,1
-6.24185416085651,-5.89820985021493,1,0.0025,1
-3.74607831666779,9.91062209214492,1,0.0025,1
5.26145138736043,10.3537955444493,1,0.0025,1
5.42797342223372,-4.24735710360657,1,0.0025,1
5.78884279150759,-3.72812097754533,1,0.0025,1
-0.941353137389342,10.8933541373683,1,0.0025,1
-2.40112349762952,3.44882787691062,1,0.0025,1
6.41285178348803,-0.398735850455432,1,0.0025,1
6.32047999083463,0.580282545321233,1,0.0025,1
5.79416715893354,1.79071469874753,1,0.0025,1
3.63421268999448,4.23290707954025,1,0.0025,1
2.90548508098368,4.53298881764601,1,0.0025,1
-2.90637904212021,2.26247302930843,1,0.0025,1
-9.0354093737616,3.52518380636371,1,0.0025,1
-7.41917074723716,6.82829519156621,1,0.0025,1
2.15904061828529,-7.12967660332273,1,0.0025,1
0.705832606114733,4.99167323977991,1,0.0025,1
6.36423174771031,-0.47447870652946,1,0.0025,1
0.222151668231348,4.90515601845588,1,0.0025,1
-8.40489472383885,-2.98627362284555,1,0.0025,1
-2.41245498759091,3.30708525824232,1,0.0025,1
4.58731330073038,3.44676714507729,1,0.0025,1
-2.26912788220136,-7.66613256561436,1,0.0025,1
-1.53229312767122,-1.60020055511335,1,0.0025,1
6.3326765118796,0.044888981254997,1,0.0025,1
1.73011890874422,-7.27805600738602,1,0.0025,1
-8.72418015827478,-2.50761233655823,1,0.0025,1
1.43296504737382,-7.39955674020522,1,0.0025,1
-6.93955988008135,-5.16772310164844,1,0.0025,1
4.26268788978422,3.90501301173969,1,0.0025,1
-0.0551402600067425,4.8570071517727,1,0.0025,1
4.67739436909738,10.6224226459196,1,0.0025,1
6.32623857263095,-2.21157447399266,1,0.0025,1
-9.26101941451269,2.93477570194026,1,0.0025,1
-6.66768960685002,-5.46033769302047,1,0.0025,1
-5.53378227340732,8.92750571297668,1,0.0025,1
5.80532619415642,1.81781113564388,1,0.0025,1
1.48556046352678,4.92758266724045,1,0.0025,1
6.49321870241078,-0.216193538248513,1,0.0025,1
6.23440535016105,0.935869478758081,1,0.0025,1
-3.30282378020407,10.292499880563,1,0.0025,1
6.02176263084013,-3.26265329141404,1,0.0025,1
4.62694859746463,3.45603424678144,1,0.0025,1
-6.53112253689759,-5.65619909158682,1,0.0025,1
-1.43369495872189,4.23516228241559,1,0.0025,1
6.44305321555407,0.26869331274624,1,0.0025,1
6.23581694638594,0.462760035481913,1,0.0025,1
-6.37237596231533,-5.70750271912391,1,0.0025,1
-9.38393376476469,2.43005799167111,1,0.0025,1
-3.25143421179784,1.47640289286678,1,0.0025,1
3.07217753588868,10.9847590080392,1,0.0025,1
6.2467618367045,0.747734219933319,1,0.0025,1
-3.11669202600749,0.721826978625939,1,0.0025,1
-9.2862020179362,2.75780815620327,1,0.0025,1
2.08696461106973,4.75654608663889,1,0.0025,1
4.95836174453516,-4.99019985142372,1,0.0025,1
-0.545120749354369,-7.90569149871634,1,0.0025,1
0.0781200974121572,4.72382907885178,1,0.0025,1
0.0450408656105228,11.1102588198227,1,0.0025,1
0.660351898020648,4.89030970170258,1,0.0025,1
-0.254777999736788,10.9991895301036,1,0.0025,1
-2.40728740473708,3.34571610467585,1,0.0025,1
0.508724862771333,11.2022539010466,1,0.0025,1
6.45521444677334,-0.630341622095025,1,0.0025,1
-9.25446489070026,2.81811862179219,1,0.0025,1
-2.93670505304948,0.0869257898607117,1,0.0025,1
-8.87593662678295,4.18808400215327,1,0.0025,1
-1.88012293356619,10.7295809524602,1,0.0025,1
3.14446768113174,-6.72725614876609,1,0.0025,1
6.33885241067667,-1.54814449327544,1,0.0025,1
-4.07003003048395,-7.22764085747938,1,0.0025,1
-6.56231901186809,7.98753525885015,1,0.0025,1
4.89498857881578,3.06702174896556,1,0.0025,1
-8.39689831826053,-3.0084019509028,1,0.0025,1
-1.30056397316074,4.29887270822766,1,0.0025,1
2.12167906512395,11.0253063498948,1,0.0025,1
4.43569673519838,-5.70160454168077,1,0.0025,1
-2.14547970322768,3.5756189811523,1,0.0025,1
-7.72250056003259,6.58781244831247,1,0.0025,1
4.63911479414901,-5.31200376891752,1,0.0025,1
-5.61469230165945,8.76518690538015,1,0.0025,1
6.2363061152674,-2.41394684483073,1,0.0025,1
3.63125249803417,-6.28412552467664,1,0.0025,1
-0.337229344298657,-7.79905919745849,1,0.0025,1
-0.144733344213402,-7.734488507452,1,0.0025,1
-1.5469837615387,-7.69714265416115,1,0.0025,1
-1.49718107032032,-7.84087758916815,1,0.0025,1
-8.34049598131664,5.48009332154357,1,0.0025,1
-9.37139214571835,2.32342457293177,1,0.0025,1
0.945830141758344,11.1140543731727,1,0.0025,1
-3.85594440858427,9.85356114787588,1,0.0025,1
-1.71805427637697,3.92388273597286,1,0.0025,1
3.18159071893369,10.9919763815776,1,0.0025,1
1.31551735273114,-7.47127157494868,1,0.0025,1
6.48270638206355,-0.288554415397854,1,0.0025,1
0.126678465034696,11.0485584157766,1,0.0025,1
-6.70498680262942,-5.34861955508825,1,0.0025,1
5.9017501613494,-3.64880747690501,1,0.0025,1
-5.07677076547003,9.16836150448749,1,0.0025,1
0.632585828536639,4.93807074537527,1,0.0025,1
0.8331998823835,4.97845743147789,1,0.0025,1
-0.725359746388516,4.59171406742289,1,0.0025,1
-3.30684519821772,-7.42959683462301,1,0.0025,1
-1.35946740635585,-7.80020499513195,1,0.0025,1
-2.89490848975786,2.35921750151198,1,0.0025,1
5.49334822347384,10.1991114445073,1,0.0025,1
-1.62957956415133,-7.88314367411156,1,0.0025,1
3.7856242396268,4.11422190599171,1,0.0025,1
1.22993285626863,4.85452651908759,1,0.0025,1
3.18711086386883,10.857518958615,1,0.0025,1
-5.5145955494804,-6.32024236019283,1,0.0025,1
2.62823130127844,-6.9839640410016,1,0.0025,1
-9.38616711287196,0.212855679167008,1,0.0025,1
1.17854873055532,11.2107990379684,1,0.0025,1
-2.60028347727764,2.86805775783338,1,0.0025,1
0.623199747828794,-7.68808827622463,1,0.0025,1
-6.95661346194142,7.60573130910409,1,0.0025,1
-7.59854221438497,-4.47266983303905,1,0.0025,1
-9.36778030688669,0.499860974314626,1,0.0025,1
-9.1846348074337,3.44818350777034,1,0.0025,1
5.38087217359454,-4.5245890750631,1,0.0025,1
-2.06942958818377,-7.68299966067374,1,0.0025,1
5.16138424404119,-4.79599016468782,1,0.0025,1
-9.27832185842353,1.36029199790603,1,0.0025,1
-6.63221775688222,-5.47142075280556,1,0.0025,1
-6.18957359995993,-5.8779375130561,1,0.0025,1
4.07625829699415,-5.9290304224175,1,0.0025,1
-9.12098303824694,2.90781112288958,1,0.0025,1
0.55751143627311,-7.68768328905767,1,0.0025,1
6.27920075238968,0.651803480119351,1,0.0025,1
-9.32965588779291,-0.0635333725025054,1,0.0025,1
1.14412023834657,-7.63075663017917,1,0.0025,1
-8.88549952772732,3.79866897609003,1,0.0025,1
4.1253856964726,10.6444412046979,1,0.0025,1
2.14647594809546,11.018234734489,1,0.0025,1
5.46117772331249,-4.27397996917582,1,0.0025,1
2.64229794535535,10.9430223396946,1,0.0025,1
5.14391899746777,-4.90845277310404,1,0.0025,1
0.0864144345528795,-7.77527462410318,1,0.0025,1
-3.16956434339988,1.80738878761215,1,0.0025,1
-8.20723404098331,5.60554136006107,1,0.0025,1
-4.86110488593625,-6.79264963387158,1,0.0025,1
-7.84544039073379,-3.92013607334431,1,0.0025,1
-9.28333316804133,1.01356715161992,1,0.0025,1
-6.08079489746682,8.43743002688998,1,0.0025,1
4.12659586056278,3.80671914565342,1,0.0025,1
-5.45528693866051,-6.47094710632826,1,0.0025,1
6.25272747076588,-2.43477773083422,1,0.0025,1
-3.47484516026893,-7.38318383151134,1,0.0025,1
-2.14703165555211,-7.77150166990756,1,0.0025,1
-6.72267181680716,-5.52040637646254,1,0.0025,1
-9.33020003294252,1.80647056551626,1,0.0025,1
-2.80415436019942,-7.67083606901678,1,0.0025,1
6.14525068274905,1.2820988401192,1,0.0025,1
-2.7667957793402,10.5352621473452,1,0.0025,1
5.51448234617982,-4.43210716471261,1,0.0025,1
-9.13396971309555,3.53353122835491,1,0.0025,1
2.91017266000948,4.47614801536285,1,0.0025,1
-8.15533613258286,-3.40937597001559,1,0.0025,1
-2.25672344885796,10.5742374271245,1,0.0025,1
-6.97623489551287,-5.15585435670593,1,0.0025,1
-1.9151323617343,10.7528882022028,1,0.0025,1
-5.71452245295241,-6.181719290214,1,0.0025,1
-0.721400112488435,4.41731103751049,1,0.0025,1
-1.92016032484654,-7.8392468741986,1,0.0025,1
1.79807111651246,-7.24537410940034,1,0.0025,1
-3.16071426117145,0.899167835925356,1,0.0025,1
-8.67457536570242,-2.68796508778031,1,0.0025,1
6.23362747360048,0.611271516010449,1,0.0025,1
-3.07600100599567,0.484907645535354,1,0.0025,1
-0.257055037630901,11.1038634590804,1,0.0025,1
-2.59547811603126,-0.789434852004651,1,0.0025,1
6.34115163537123,0.0590361940496273,1,0.0025,1
1.52956505423884,4.9464328482511,1,0.0025,1
-1.1572787535753,-1.75322170180047,1,0.0025,1
-8.94929318021675,3.88077392654534,1,0.0025,1
6.0114727271367,-3.34779151292689,1,0.0025,1
-9.15637610420846,-0.891790713074064,1,0.0025,1
-4.01662729601225,9.81228041758454,1,0.0025,1
-2.71289485973544,-7.5976248684637,1,0.0025,1
-3.06671447725833,1.9344960470863,1,0.0025,1
-8.02167691091929,6.21878987336975,1,0.0025,1
-9.10183299200278,-1.227299991899,1,0.0025,1
-9.23297903795839,-0.742581596812478,1,0.0025,1
4.88704597005407,10.4593655727831,1,0.0025,1
-1.84000957125838,10.8009785039237,1,0.0025,1
-6.31678993834665,-5.60944040495122,1,0.0025,1
-6.6675607700025,-5.50947332651578,1,0.0025,1
-7.5889943074386,-4.19705400537251,1,0.0025,1
3.85093346103444,4.05866739955505,1,0.0025,1
-1.0882702067471,-7.71777597984102,1,0.0025,1
-4.53544011286689,9.63285551887388,1,0.0025,1
-7.23659335609609,-4.88804113210224,1,0.0025,1
4.92368818529788,-5.02217391073076,1,0.0025,1
1.51775406373414,4.98299756605326,1,0.0025,1
-7.99735632482424,6.15234562131603,1,0.0025,1
-1.9113450623438,-7.80993207508304,1,0.0025,1
2.4410118147019,-7.06612419893946,1,0.0025,1
6.19008585321895,-2.47847236828455,1,0.0025,1
4.396652789611,10.5736959071996,1,0.0025,1
4.68793214060492,10.6199958658558,1,0.0025,1
-7.21454708224148,7.09947755987869,1,0.0025,1
-2.88499662551268,10.2944138735007,1,0.0025,1
0.357192349379814,4.77824222739123,1,0.0025,1
-0.802923683486532,4.40274727576408,1,0.0025,1
-3.78447375569075,-7.36232609451464,1,0.0025,1
-7.35563998746329,-4.68471570203788,1,0.0025,1
-2.13534108287839,3.64801880779913,1,0.0025,1
-4.03366742725854,-7.07713142560472,1,0.0025,1
-3.32819019827108,-7.46664488230059,1,0.0025,1
-6.0536539936142,-6.01635017277902,1,0.0025,1
-3.53069478838254,10.183788016591,1,0.0025,1
-6.61050533001265,-5.48578446850545,1,0.0025,1
-7.46824052765556,6.79369383334913,1,0.0025,1
4.78151835376413,3.44944671131619,1,0.0025,1
0.123915822798802,-7.81271945645446,1,0.0025,1
4.55727762759609,10.6178170043361,1,0.0025,1
0.156541979032482,4.87831833789204,1,0.0025,1
6.33079770522112,0.744332965418534,1,0.0025,1
-1.4773282893242,4.2374214753091,1,0.0025,1
3.53511823740871,4.16115058023783,1,0.0025,1
-1.19905421944337,-7.74805773650587,1,0.0025,1
-9.21446575852533,-0.206652886934156,1,0.0025,1
-0.743182599266508,10.9299153046781,1,0.0025,1
0.280010211967511,-7.82412334474793,1,0.0025,1
-8.15069879248028,-3.58863987515323,1,0.0025,1
5.15930175959354,3.0522523080782,1,0.0025,1
-9.0792881073854,3.70645065917506,1,0.0025,1
3.01393322187648,4.44655128122427,1,0.0025,1
-2.78717426657311,-0.42041081377247,1,0.0025,1
-2.84641990686037,2.28267453689159,1,0.0025,1
0.871151864549934,11.1868525300528,1,0.0025,1
5.90103732580141,-3.33735466997723,1,0.0025,1
4.9768084943792,2.94220719731669,1,0.0025,1
1.70513414938419,11.2125943694187,1,0.0025,1
6.36594430884846,-2.25979581643888,1,0.0025,1
-9.43182265028114,1.757002400874,1,0.0025,1
6.49719310862263,-0.503018990302292,1,0.0025,1
5.745748710912,1.89367715240178,1,0.0025,1
3.69148180379302,-6.29100757494834,1,0.0025,1
6.42871378798028,-1.73303653790345,1,0.0025,1
-9.15968233219737,-0.913215703708029,1,0.0025,1
4.42886209560781,-5.63225488699794,1,0.0025,1
-0.259418405449595,4.70670603311465,1,0.0025,1
6.15593074359623,-2.81547430328294,1,0.0025,1
-0.320568730541879,-7.78781596797789,1,0.0025,1
-0.143153782708645,-1.50925196047906,1,0.0025,1
-8.37545553506256,5.46265429885191,1,0.0025,1
-4.70126708323414,9.43529011967947,1,0.0025,1
-1.24973373001657,4.27508402885757,1,0.0025,1
-7.2340450934286,7.17937526264603,1,0.0025,1
-2.31435291771986,-1.0358192835831,1,0.0025,1
-8.90610617858727,-2.03218896322525,1,0.0025,1
6.36910794876404,-2.40365027325129,1,0.0025,1
-8.5710032069023,4.72697389120744,1,0.0025,1
2.8528260598861,11.0097662226143,1,0.0025,1
4.07126331868837,3.93471113560934,1,0.0025,1
2.28951680902363,11.1019544746318,1,0.0025,1
5.14411900953182,2.98072525772816,1,0.0025,1
4.02442542997712,10.7528489969926,1,0.0025,1
-9.20730706477282,2.56161326063723,1,0.0025,1
-3.22925074369194,10.2270015002992,1,0.0025,1
-5.20554584252032,9.03490601911052,1,0.0025,1
-3.03272556512179,2.22474943774794,1,0.0025,1
4.20032043925734,3.86404978933476,1,0.0025,1
1.97453778917109,-7.25930618895121,1,0.0025,1
-9.22994580914399,-0.929110182297343,1,0.0025,1
-5.80026108616448,-6.26511837979903,1,0.0025,1
-0.253440613541661,11.1175707136947,1,0.0025,1
-6.92303048851178,7.58279018813113,1,0.0025,1
6.46136252690742,-0.493582835950649,1,0.0025,1
-0.00359785424331807,-7.68345483385894,1,0.0025,1
-7.10805481260737,7.35681524215685,1,0.0025,1
5.64247009962198,10.1636513664956,1,0.0025,1
6.33396745120739,0.263223144083056,1,0.0025,1
-5.3635534536116,-6.3889068607031,1,0.0025,1
-3.39134862248981,-7.38268169627873,1,0.0025,1
3.32698373155041,4.47253041813224,1,0.0025,1
1.93762890976907,11.1394513699729,1,0.0025,1
3.42369775872159,-6.46487829426797,1,0.0025,1
4.25324422316245,-5.81083959789271,1,0.0025,1
-5.64041148864829,8.83229568494183,1,0.0025,1
-4.77135009046459,9.39083365771529,1,0.0025,1
-9.43424279960122,1.71897603911453,1,0.0025,1
-3.73229149204625,-7.38218101748935,1,0.0025,1
-8.48202091954102,-2.86635856249839,1,0.0025,1
2.6200116938219,-6.94648612771107,1,0.0025,1
-9.41204439304853,0.602590504316931,1,0.0025,1
-0.399936731679534,-7.88676813573893,1,0.0025,1
5.68706690717396,-4.05548286197502,1,0.0025,1
-7.10286018565009,7.32939196144057,1,0.0025,1
-3.06985293628451,-7.603360422809,1,0.0025,1
4.72162751805543,-5.28347526310052,1,0.0025,1
2.42994338345921,4.81518489718974,1,0.0025,1
-4.50099560454499,-6.98313928644249,1,0.0025,1
0.82034975165356,4.99988347802787,1,0.0025,1
5.93095021179117,1.49277207129913,1,0.0025,1
-7.03599977376129,-5.11169050748363,1,0.0025,1
-7.5073265895159,-4.6671092256064,1,0.0025,1
4.07491546179914,-5.92459536906786,1,0.0025,1
